input1_name,4,C,H,M,W,babyis,charlie,fidu,gini,itamar,jafar,newton,raichu,rasmi,romi,rosi,tuluz,unknown,Grand Total
4,60.63,0,0,0,0,0,0,0,0,0,0,0,0,0,0,0,0,0,60.64
C,8.97,29.77,0,0,0,0,0,0,0,0,0,0,0,0,0,0,0,0,38.74
H,0,0,35.97,0,0.01,0,0.04,0,0,4.36,0.06,0,3.78,4,0,3.78,0,0,52.01
M,0.15,0,0,43.63,0.11,0,0,0,0,0,0,0,0,0,0,0,0,0,43.89
W,0,0,0,0,34.54,0,0,0,0,0,0,0,0,0,0,0,0,0,34.54
babyis,0.13,0.01,0,13.51,7.5,100,0,0,18.73,0,9.93,0.66,0.01,4.3,6.02,0,6.65,0,167.46
charlie,0,0,0,0,0,0,83.3,0,0,13.16,0,0,19.91,0.18,0,5.43,0,0,121.98
fidu,0,0,63.83,0,2.84,0,16.66,100,0.11,16.41,4.37,0,14.43,10.67,0,11.88,4.43,0,245.62
gini,0.01,0,0.01,7.87,6.8,0,0,0,70.33,0.01,10.52,0,0,0.81,0,0.01,0,0,96.37
itamar,0,0,0,0,0.01,0,0,0,0,39.88,0,0,0,0,0,7.05,0,0,46.94
jafar,0,0,0,0,15.55,0,0,0,0,0.47,41.35,0,0,0,0,1.83,0,0,59.21
newton,15.95,53.49,0,10.79,0,0,0,0,0.29,0,0,99.34,0,0,10.94,0,0,0.02,190.82
raichu,0,0,0,0,0,0,0,0,0,21.24,0.26,0,61.86,1.33,0,8.81,0,0,93.5
rasmi,0,0,0,0,12.47,0,0,0,0,4.47,19.22,0,0,69.87,0,8.13,0,0,114.17
romi,9.5,1.11,0,20.01,0,0,0,0,1.7,0,0.02,0,0,0,83.04,0,2.54,3.46,121.38
rosi,0,0,0,0,2.34,0,0,0,0,0,0,0,0,0,0,51.93,0,0,54.28
tuluz,0,0,0.19,4.18,17.83,0,0,0,8.85,0,14.26,0,0,8.82,0,1.14,86.38,0,141.66
unknown,4.67,15.62,0,0,0,0,0,0,0,0,0,0,0,0,0,0,0,96.52,116.8
Grand Total,100,100,100,100,100,100,100,100,100,100,100,100,100,100,100,100,100,100,1800