input1_name,input1_frame,input2_name,y_hat
20230805_145141,701.0,20230805_145141,1.0
20230805_145141,702.0,20230805_145141,1.0
20230805_145141,704.0,20230805_145141,1.0
20230805_145141,705.0,20230805_145141,1.0
20230805_145141,707.0,20230805_145141,1.0
20230805_145141,708.0,20230805_145141,1.0
20230805_145141,709.0,20230805_145141,1.0
20230805_145141,711.0,20230805_145141,1.0
20230805_145141,712.0,20230831_155428,1.0
20230805_145141,714.0,20230805_145141,1.0
20230805_145141,715.0,20230805_145544,1.0
20230805_145141,717.0,20230805_145141,1.0
20230805_145141,718.0,20230805_145544,1.0
20230805_145141,719.0,20230805_145141,1.0
20230805_145141,720.0,20230805_145141,1.0
20230805_145141,721.0,20230805_145141,1.0
20230805_145141,722.0,20230805_145141,1.0
20230805_145141,723.0,20230805_145141,1.0
20230805_145141,724.0,20230805_145141,1.0
20230805_145141,725.0,20230805_145141,1.0
20230805_145141,726.0,20230805_145141,1.0
20230805_145141,727.0,20230805_145141,1.0
20230805_145141,728.0,20230805_145141,1.0
20230805_145141,729.0,20230805_145141,1.0
20230805_145141,731.0,20230805_145141,1.0
20230805_145141,732.0,20230805_145141,1.0
20230805_145141,733.0,20230805_145141,1.0
20230805_145141,734.0,20230805_145141,1.0
20230805_145141,736.0,20230805_145141,1.0
20230805_145141,737.0,20230805_145141,1.0
20230805_145141,738.0,20230805_145141,1.0
20230805_145141,999.0,20230805_145141,1.0
20230805_145141,1000.0,20230805_145141,1.0
20230805_145544,136.0,20230831_140541,1.0
20230805_145544,137.0,20230805_145544,1.0
20230805_145544,140.0,20230805_145544,1.0
20230805_145544,144.0,20230805_145544,1.0
20230805_145544,146.0,20230831_155428,1.0
20230805_145544,147.0,20230805_145544,1.0
20230805_145544,148.0,20230831_053936,0.0
20230805_145544,150.0,20230805_145544,1.0
20230805_145544,151.0,20230805_145544,1.0
20230805_145544,153.0,20230805_145544,1.0
20230805_145544,154.0,20230805_145544,1.0
20230805_145544,155.0,20230805_145544,1.0
20230805_145544,157.0,20230805_145544,1.0
20230805_145544,158.0,20230805_145544,1.0
20230805_145544,159.0,20230805_145544,1.0
20230805_145544,161.0,20230831_133234,0.0
20230805_145544,162.0,20230805_145544,1.0
20230805_145544,163.0,20230805_145544,1.0
20230805_145544,164.0,20230805_145544,1.0
20230805_145544,165.0,20230805_145544,1.0
20230805_145544,166.0,20230805_145544,1.0
20230805_145544,167.0,20230805_145544,1.0
20230805_145544,169.0,20230805_145544,1.0
20230805_145544,170.0,20230805_145544,1.0
20230805_145544,171.0,20230805_145544,1.0
20230805_145544,172.0,20230805_145544,1.0
20230805_145544,173.0,20230805_145544,1.0
20230805_145544,174.0,20230811_060839,1.0
20230805_145544,175.0,20230831_141252,0.0
20230805_145544,176.0,20230805_145544,1.0
20230805_145544,177.0,20230805_145544,1.0
20230805_145544,179.0,20230805_145544,1.0
20230805_145544,180.0,20230805_145544,1.0
20230805_145544,181.0,20230805_145544,1.0
20230805_145544,182.0,20230805_145544,1.0
20230805_145544,183.0,20230805_145544,1.0
20230805_145544,184.0,20230805_145544,1.0
20230805_145544,186.0,20230805_145544,1.0
20230805_145544,187.0,20230805_145544,1.0
20230805_145544,188.0,20230805_145544,1.0
20230805_145544,189.0,20230805_145544,1.0
20230805_145544,190.0,20230805_145544,1.0
20230805_145544,191.0,20230805_145544,1.0
20230805_145544,192.0,20230805_145544,1.0
20230805_145544,194.0,20230805_145544,1.0
20230805_145544,1064.0,20230805_145544,1.0
20230805_145544,1065.0,20230805_145544,1.0
20230805_191555,177.0,20230815_055951,0.0
20230805_191555,180.0,20230805_191555,1.0
20230805_191555,195.0,20230805_191555,1.0
20230805_191555,196.0,20230805_191555,1.0
20230805_191555,197.0,20230805_191555,1.0
20230805_191555,200.0,20230831_141252,0.0
20230805_191555,202.0,20230805_191555,1.0
20230805_191555,203.0,20230805_191555,1.0
20230805_191555,205.0,20230831_133234,0.0
20230805_191555,206.0,20230907_185744,0.0
20230805_191555,207.0,20230815_055951,0.0
20230805_191555,208.0,20230805_191555,1.0
20230805_191555,209.0,20230805_191555,1.0
20230805_191555,210.0,20230805_145544,0.0
20230805_191555,211.0,20230831_141252,0.0
20230805_191555,212.0,20230815_055951,0.0
20230805_191555,213.0,20230831_133234,0.0
20230805_191555,214.0,20230807_062216,0.0
20230805_191555,216.0,20230805_191555,1.0
20230805_191555,217.0,20230805_191555,1.0
20230805_191555,218.0,20230805_191555,1.0
20230805_191555,220.0,20230805_191555,1.0
20230805_191555,221.0,20230805_191555,1.0
20230805_191555,222.0,20230805_191555,1.0
20230805_191555,223.0,20230805_191555,1.0
20230805_191555,226.0,20230805_191555,1.0
20230805_191555,227.0,20230805_191555,1.0
20230805_191555,228.0,20230831_133234,0.0
20230805_191555,229.0,20230902_060137,0.0
20230805_191555,230.0,20230805_191555,1.0
20230805_191555,231.0,20230805_191555,1.0
20230805_191555,232.0,20230805_191555,1.0
20230805_191555,233.0,20230805_191555,1.0
20230805_191555,234.0,20230805_191555,1.0
20230805_191555,235.0,20230805_191555,1.0
20230805_191555,236.0,20230805_191555,1.0
20230805_191555,238.0,20230831_133234,0.0
20230805_191555,1100.0,20230805_191555,1.0
20230805_191555,1102.0,20230805_191555,1.0
20230805_191555,1104.0,20230805_191555,1.0
20230805_191555,1107.0,20230805_191555,1.0
20230805_191555,1108.0,20230807_062216,0.0
20230805_191555,1110.0,20230805_191555,1.0
20230805_191555,1111.0,20230805_191555,1.0
20230805_191555,1112.0,20230805_191555,1.0
20230805_191555,1113.0,20230805_191555,1.0
20230805_191555,1114.0,20230805_191555,1.0
20230805_191555,1115.0,20230805_191555,1.0
20230805_191555,1116.0,20230805_191555,1.0
20230805_191555,1120.0,20230831_055535,0.0
20230805_191555,1122.0,20230831_060427,0.0
20230805_191555,1123.0,20230807_062216,0.0
20230805_191555,1128.0,20230805_191555,1.0
20230805_191555,1129.0,20230805_191555,1.0
20230805_191555,1134.0,20230902_060137,0.0
20230805_191555,1136.0,20230831_055535,0.0
20230807_055421,905.0,20230807_055421,1.0
20230807_055421,906.0,20230807_055421,1.0
20230807_055421,907.0,20230807_055421,1.0
20230807_055421,908.0,20230805_145141,1.0
20230807_055421,909.0,20230807_055421,1.0
20230807_055421,910.0,20230807_055421,1.0
20230807_060504,185.0,20230807_060504,1.0
20230807_060504,189.0,20230807_060504,1.0
20230807_060504,190.0,20230807_060504,1.0
20230807_060504,209.0,20230807_060504,1.0
20230807_060504,217.0,20230807_060504,1.0
20230807_060504,218.0,20230807_060504,1.0
20230807_060504,219.0,20230807_060504,1.0
20230807_060504,226.0,20230807_060504,1.0
20230807_060504,228.0,20230807_060504,1.0
20230807_060504,229.0,20230807_060504,1.0
20230807_060504,230.0,20230807_060504,1.0
20230807_060504,231.0,20230807_060504,1.0
20230807_060504,232.0,20230807_060504,1.0
20230807_060504,233.0,20230807_060504,1.0
20230807_060504,234.0,20230807_060504,1.0
20230807_060504,236.0,20230807_060504,1.0
20230807_060504,237.0,20230807_060504,1.0
20230807_060504,240.0,20230807_060504,1.0
20230807_060504,241.0,20230807_060504,1.0
20230807_060504,242.0,20230807_060504,1.0
20230807_060504,243.0,20230807_060504,1.0
20230807_060504,245.0,20230807_060504,1.0
20230807_060504,246.0,20230807_060504,1.0
20230807_060504,247.0,20230807_060504,1.0
20230807_060504,249.0,20230807_060504,1.0
20230807_060504,251.0,20230807_060504,1.0
20230807_060504,252.0,20230807_060504,1.0
20230807_060504,253.0,20230807_060504,1.0
20230807_060504,257.0,20230807_060504,1.0
20230807_060504,1408.0,20230831_162051,1.0
20230807_060504,1409.0,20230807_060504,1.0
20230807_060504,1410.0,20230807_060504,1.0
20230807_060504,1411.0,20230807_060504,1.0
20230807_060504,1412.0,20230807_060504,1.0
20230807_060504,1413.0,20230807_060504,1.0
20230807_060504,1414.0,20230807_060504,1.0
20230807_060504,1415.0,20230807_060504,1.0
20230807_060504,1416.0,20230831_162051,1.0
20230807_060504,1419.0,20230807_060504,1.0
20230807_062216,194.0,20230807_062216,1.0
20230807_062216,195.0,20230807_062216,1.0
20230807_062216,196.0,20230807_062216,1.0
20230807_062216,197.0,20230807_062216,1.0
20230807_062216,198.0,20230831_133234,0.0
20230807_062216,199.0,20230831_141252,0.0
20230807_062216,200.0,20230811_060839,0.0
20230807_062216,201.0,20230902_060137,0.0
20230807_062216,203.0,20230815_055951,0.0
20230807_062216,204.0,20230828_205214,0.0
20230807_062216,205.0,20230831_055535,0.0
20230807_062216,206.0,20230811_060839,0.0
20230807_062216,207.0,20230831_055535,0.0
20230807_062216,208.0,20230807_062216,1.0
20230807_062216,209.0,20230807_062216,1.0
20230807_062216,211.0,20230907_185744,0.0
20230807_062216,212.0,20230811_060839,0.0
20230807_062216,213.0,20230831_060427,0.0
20230807_062216,216.0,20230831_133234,0.0
20230807_062216,217.0,20230815_055951,0.0
20230807_062216,218.0,20230831_141252,0.0
20230807_062216,219.0,20230815_055951,0.0
20230807_062216,220.0,20230807_062216,1.0
20230807_062216,221.0,20230807_062216,1.0
20230807_062216,224.0,20230831_053936,0.0
20230807_062216,225.0,20230831_053936,0.0
20230807_062216,226.0,20230902_060137,0.0
20230807_062216,227.0,20230811_060839,0.0
20230807_062216,228.0,20230811_060839,0.0
20230807_062216,229.0,20230805_191555,0.0
20230807_062216,230.0,20230831_133234,0.0
20230807_062216,231.0,20230805_191555,0.0
20230807_062216,232.0,20230805_191555,0.0
20230807_062216,233.0,20230831_141252,0.0
20230807_062216,234.0,20230807_062216,1.0
20230807_062216,235.0,20230807_062216,1.0
20230807_062216,236.0,20230807_062216,1.0
20230807_062216,237.0,20230807_062216,1.0
20230807_062216,238.0,20230811_060839,0.0
20230807_062216,239.0,20230902_060137,0.0
20230807_062216,240.0,20230807_062216,1.0
20230807_062216,241.0,20230807_062216,1.0
20230807_062216,242.0,20230807_062216,1.0
20230807_062216,243.0,20230807_062216,1.0
20230807_062216,244.0,20230807_062216,1.0
20230807_062216,245.0,20230807_062216,1.0
20230807_062216,246.0,20230828_205214,1.0
20230807_062216,250.0,20230807_062216,1.0
20230807_062216,251.0,20230807_062216,1.0
20230807_062216,252.0,20230807_062216,1.0
20230807_062216,256.0,20230807_062216,1.0
20230807_062216,257.0,20230807_062216,1.0
20230807_062216,268.0,20230807_062216,1.0
20230807_062216,269.0,20230807_062216,1.0
20230807_062216,1076.0,20230907_185744,0.0
20230807_062216,1077.0,20230831_141252,0.0
20230807_062216,1078.0,20230807_062216,1.0
20230807_062216,1079.0,20230807_062216,1.0
20230807_062216,1082.0,20230831_133234,0.0
20230807_062216,1284.0,20230807_062216,1.0
20230807_062216,1285.0,20230807_062216,1.0
20230807_062216,1287.0,20230805_145544,0.0
20230807_062216,1290.0,20230807_062216,1.0
20230807_062216,1291.0,20230807_062216,1.0
20230809_185948,1359.0,20230831_141252,1.0
20230809_185948,1360.0,20230831_140541,1.0
20230809_185948,1361.0,20230902_060137,1.0
20230809_185948,1362.0,20230831_135124,1.0
20230809_185948,1363.0,20230902_060137,1.0
20230809_185948,1364.0,20230831_141252,1.0
20230809_185948,1366.0,20230831_133234,1.0
20230811_055653,1133.0,20230805_145141,1.0
20230811_055653,1134.0,20230905_200415,1.0
20230811_055653,1136.0,20230902_060137,1.0
20230811_060839,145.0,20230805_145544,1.0
20230811_060839,146.0,20230811_060839,1.0
20230811_060839,147.0,20230811_060839,1.0
20230811_060839,148.0,20230907_185744,1.0
20230811_060839,149.0,20230902_060137,1.0
20230811_060839,150.0,20230905_201332,1.0
20230811_060839,151.0,20230811_060839,1.0
20230811_060839,152.0,20230902_060137,1.0
20230811_060839,153.0,20230831_133234,1.0
20230811_060839,154.0,20230805_145544,1.0
20230811_060839,155.0,20230811_060839,1.0
20230811_060839,156.0,20230831_053936,1.0
20230811_060839,157.0,20230811_060839,1.0
20230811_060839,158.0,20230831_053936,1.0
20230811_060839,159.0,20230831_060427,0.0
20230811_060839,160.0,20230902_060137,1.0
20230811_060839,161.0,20230902_060137,1.0
20230811_060839,162.0,20230828_205214,0.0
20230811_060839,163.0,20230831_055535,0.0
20230811_060839,164.0,20230831_055535,1.0
20230811_060839,165.0,20230907_185744,1.0
20230811_060839,166.0,20230907_185744,1.0
20230811_060839,167.0,20230907_185744,1.0
20230811_060839,168.0,20230831_053936,1.0
20230811_060839,169.0,20230831_053936,1.0
20230811_060839,170.0,20230831_133234,1.0
20230811_060839,171.0,20230815_055951,0.0
20230811_060839,172.0,20230831_055535,1.0
20230811_060839,173.0,20230907_185744,1.0
20230811_060839,174.0,20230828_205214,0.0
20230811_060839,175.0,20230902_060137,0.0
20230811_060839,176.0,20230828_205214,0.0
20230811_060839,177.0,20230831_060427,1.0
20230811_060839,178.0,20230811_060839,1.0
20230811_060839,179.0,20230811_060839,1.0
20230811_060839,180.0,20230811_060839,1.0
20230811_060839,181.0,20230907_185744,1.0
20230811_060839,182.0,20230815_055951,1.0
20230811_060839,183.0,20230831_133234,1.0
20230811_060839,184.0,20230811_060839,1.0
20230811_060839,185.0,20230905_201332,1.0
20230811_060839,186.0,20230811_060839,1.0
20230811_060839,187.0,20230811_060839,1.0
20230811_060839,188.0,20230902_060137,0.0
20230811_060839,189.0,20230828_205214,1.0
20230811_060839,190.0,20230811_060839,1.0
20230811_060839,191.0,20230811_060839,1.0
20230811_060839,192.0,20230815_055951,1.0
20230811_060839,193.0,20230811_060839,1.0
20230811_060839,194.0,20230811_060839,1.0
20230811_060839,195.0,20230831_133234,1.0
20230811_060839,196.0,20230831_133234,1.0
20230811_060839,197.0,20230831_053936,1.0
20230811_060839,198.0,20230828_205214,0.0
20230811_060839,199.0,20230907_185744,1.0
20230811_060839,200.0,20230831_055535,1.0
20230811_060839,201.0,20230828_205214,0.0
20230811_060839,202.0,20230831_060427,0.0
20230811_060839,203.0,20230907_185744,1.0
20230811_060839,204.0,20230831_141252,0.0
20230811_060839,205.0,20230831_133234,1.0
20230811_060839,206.0,20230902_060137,1.0
20230811_060839,207.0,20230831_133234,1.0
20230811_060839,208.0,20230831_053936,1.0
20230811_060839,209.0,20230811_060839,1.0
20230811_060839,210.0,20230907_185744,1.0
20230811_060839,211.0,20230828_205214,0.0
20230811_060839,212.0,20230828_205214,0.0
20230811_060839,213.0,20230831_141252,0.0
20230811_060839,214.0,20230831_055535,1.0
20230811_060839,215.0,20230831_141252,0.0
20230811_060839,216.0,20230831_060427,0.0
20230811_060839,217.0,20230907_185744,1.0
20230811_060839,218.0,20230811_060839,1.0
20230811_060839,219.0,20230811_060839,1.0
20230811_060839,220.0,20230811_060839,1.0
20230811_060839,221.0,20230811_060839,1.0
20230811_060839,222.0,20230831_141252,1.0
20230811_060839,223.0,20230811_060839,0.0
20230811_060839,224.0,20230811_060839,1.0
20230811_060839,980.0,20230811_060839,1.0
20230811_060839,981.0,20230811_060839,1.0
20230811_060839,982.0,20230811_060839,1.0
20230811_060839,983.0,20230811_060839,1.0
20230811_060839,984.0,20230811_060839,1.0
20230811_060839,985.0,20230902_054933,1.0
20230811_060839,986.0,20230902_054933,1.0
20230811_060839,987.0,20230811_060839,1.0
20230811_060839,988.0,20230811_060839,1.0
20230811_060839,989.0,20230811_060839,1.0
20230811_060839,990.0,20230811_060839,1.0
20230811_060839,991.0,20230811_060839,1.0
20230811_060839,992.0,20230811_060839,1.0
20230811_060839,993.0,20230811_060839,1.0
20230811_060839,994.0,20230811_060839,1.0
20230811_060839,995.0,20230811_060839,1.0
20230811_060839,996.0,20230811_060839,1.0
20230811_060839,997.0,20230811_060839,1.0
20230811_060839,998.0,20230805_145544,1.0
20230811_060839,999.0,20230811_060839,1.0
20230811_060839,1000.0,20230811_060839,1.0
20230811_060839,1001.0,20230811_060839,1.0
20230811_060839,1002.0,20230805_145141,1.0
20230811_060839,1003.0,20230811_060839,1.0
20230811_060839,1004.0,20230811_060839,1.0
20230811_060839,1005.0,20230811_060839,1.0
20230811_060839,1006.0,20230811_060839,1.0
20230811_060839,1007.0,20230811_060839,1.0
20230811_060839,1008.0,20230811_060839,1.0
20230811_060839,1009.0,20230811_060839,1.0
20230811_060839,1010.0,20230811_060839,1.0
20230811_060839,1011.0,20230811_060839,1.0
20230811_060839,1012.0,20230811_060839,1.0
20230811_060839,1013.0,20230811_060839,1.0
20230811_060839,1153.0,20230811_060839,1.0
20230811_060839,1154.0,20230831_141252,1.0
20230811_060839,1155.0,20230831_141252,1.0
20230811_060839,1156.0,20230811_060839,1.0
20230811_060839,1157.0,20230902_060137,1.0
20230811_060839,1158.0,20230905_201332,1.0
20230811_060839,1159.0,20230811_060839,1.0
20230811_060839,1160.0,20230811_060839,1.0
20230811_060839,1161.0,20230831_141252,1.0
20230811_060839,1162.0,20230831_133234,1.0
20230815_055951,170.0,20230831_055535,1.0
20230815_055951,171.0,20230907_185744,0.0
20230815_055951,172.0,20230815_055951,1.0
20230815_055951,173.0,20230815_055951,1.0
20230815_055951,178.0,20230815_055951,1.0
20230815_055951,181.0,20230815_055951,1.0
20230815_055951,183.0,20230815_055951,1.0
20230815_055951,186.0,20230815_055951,1.0
20230815_055951,187.0,20230815_055951,1.0
20230815_055951,190.0,20230815_055951,1.0
20230815_055951,192.0,20230815_055951,1.0
20230815_055951,193.0,20230815_055951,1.0
20230815_055951,194.0,20230815_055951,1.0
20230815_055951,195.0,20230815_055951,1.0
20230815_055951,196.0,20231006_192754,1.0
20230815_055951,198.0,20230815_055951,1.0
20230815_055951,199.0,20230811_060839,0.0
20230815_055951,203.0,20230831_055535,1.0
20230815_055951,204.0,20230831_055535,1.0
20230815_055951,205.0,20230815_055951,1.0
20230815_055951,206.0,20230831_053936,0.0
20230815_055951,207.0,20230902_060137,0.0
20230815_055951,208.0,20230815_055951,1.0
20230815_055951,210.0,20230831_060427,1.0
20230815_055951,212.0,20230831_060427,1.0
20230815_055951,213.0,20230807_062216,0.0
20230815_055951,217.0,20230811_060839,0.0
20230815_055951,219.0,20230815_055951,1.0
20230815_055951,220.0,20230815_055951,1.0
20230815_055951,1041.0,20230815_055951,1.0
20230815_055951,1042.0,20230805_145544,0.0
20230815_055951,1043.0,20230805_191555,0.0
20230815_055951,1048.0,20230815_055951,1.0
20230815_055951,1049.0,20230831_055535,1.0
20230815_055951,1054.0,20230831_055535,1.0
20230815_055951,1055.0,20230815_055951,1.0
20230815_055951,1056.0,20230831_133234,0.0
20230815_055951,1057.0,20230831_060427,1.0
20230815_055951,1058.0,20230815_055951,1.0
20230815_055951,1198.0,20230815_055951,1.0
20230815_055951,1199.0,20230815_055951,1.0
20230815_055951,1200.0,20230815_055951,1.0
20230815_055951,1201.0,20230815_055951,1.0
20230815_055951,1203.0,20230815_055951,1.0
20230815_055951,1204.0,20230815_055951,1.0
20230815_055951,1205.0,20230815_055951,1.0
20230815_055951,1206.0,20230831_060427,1.0
20230815_055951,1207.0,20230815_055951,1.0
20230815_055951,1208.0,20230815_055951,1.0
20230815_055951,1209.0,20230815_055951,1.0
20230815_055951,1210.0,20230815_055951,1.0
20230815_055951,1211.0,20230815_055951,1.0
20230815_055951,1212.0,20230815_055951,1.0
20230815_055951,1213.0,20230815_055951,1.0
20230828_185848,1187.0,20230831_140541,1.0
20230828_185848,1188.0,20230828_185848,1.0
20230828_185848,1189.0,20230831_140541,1.0
20230828_185848,1190.0,20230809_185948,1.0
20230828_185848,1191.0,20230905_201332,1.0
20230828_185848,1192.0,20230831_141252,1.0
20230828_185848,1193.0,20230902_060137,1.0
20230828_185848,1194.0,20230828_185848,1.0
20230828_185848,1195.0,20230831_141252,1.0
20230828_205214,270.0,20230902_060137,0.0
20230828_205214,272.0,20230831_055535,1.0
20230828_205214,273.0,20230831_141252,0.0
20230828_205214,274.0,20230831_055535,1.0
20230828_205214,275.0,20230902_060137,0.0
20230828_205214,277.0,20230902_060137,0.0
20230828_205214,278.0,20230811_060839,0.0
20230828_205214,279.0,20230831_060427,0.0
20230828_205214,280.0,20230807_062216,0.0
20230828_205214,281.0,20230902_060137,0.0
20230828_205214,282.0,20230815_055951,0.0
20230828_205214,283.0,20230831_133234,0.0
20230828_205214,285.0,20230831_060427,1.0
20230828_205214,287.0,20230831_133234,0.0
20230828_205214,289.0,20230902_060137,0.0
20230828_205214,291.0,20230807_062216,0.0
20230828_205214,292.0,20230831_141252,0.0
20230828_205214,293.0,20230831_053936,0.0
20230828_205214,295.0,20230807_062216,0.0
20230828_205214,298.0,20230902_060137,0.0
20230828_205214,299.0,20230811_060839,0.0
20230828_205214,300.0,20230831_060427,0.0
20230828_205214,301.0,20230831_060427,1.0
20230828_205214,303.0,20230831_055535,0.0
20230828_205214,304.0,20230902_060137,0.0
20230828_205214,305.0,20230831_141252,0.0
20230828_205214,306.0,20230831_060427,1.0
20230828_205214,307.0,20230907_185744,0.0
20230828_205214,308.0,20230831_060427,1.0
20230828_205214,309.0,20230805_191555,0.0
20230828_205214,312.0,20230831_055535,0.0
20230828_205214,313.0,20230831_055535,0.0
20230828_205214,315.0,20230831_055535,0.0
20230828_205214,316.0,20230831_055535,0.0
20230828_205214,317.0,20230831_060427,0.0
20230828_205214,318.0,20230831_055535,1.0
20230828_205214,319.0,20230831_055535,0.0
20230828_205214,320.0,20230805_191555,0.0
20230828_205214,321.0,20230831_141252,0.0
20230828_205214,322.0,20230831_060427,1.0
20230828_205214,326.0,20230811_060839,1.0
20230828_205214,1227.0,20230828_205214,1.0
20230828_205214,1229.0,20230902_060137,0.0
20230828_205214,1232.0,20230828_205214,1.0
20230828_205214,1233.0,20230828_205214,1.0
20230828_205214,1234.0,20230828_205214,1.0
20230828_205214,1236.0,20230828_205214,1.0
20230828_205214,1419.0,20230828_205214,1.0
20230828_205214,1420.0,20230828_205214,1.0
20230828_205214,1421.0,20230828_205214,1.0
20230828_205214,1422.0,20230828_205214,1.0
20230828_205214,1423.0,20230828_205214,1.0
20230828_205214,1424.0,20230828_205214,1.0
20230828_205214,1425.0,20230828_205214,1.0
20230828_205214,1430.0,20230828_205214,1.0
20230828_205214,1432.0,20230828_205214,1.0
20230828_205214,1433.0,20230828_205214,1.0
20230828_205214,1434.0,20230828_205214,1.0
20230828_205214,1435.0,20230828_205214,1.0
20230828_205214,1437.0,20230828_205214,1.0
20230828_205214,1441.0,20230831_060427,1.0
20230828_205214,1442.0,20230831_133234,0.0
20230828_205214,1444.0,20230831_155428,0.0
20230828_205214,1445.0,20230811_060839,0.0
20230828_205214,1447.0,20230831_053936,0.0
20230828_205214,1448.0,20230907_185744,0.0
20230828_205214,1450.0,20230815_055951,0.0
20230828_205214,1451.0,20230811_060839,0.0
20230828_205214,1453.0,20230807_062216,0.0
20230828_205214,1456.0,20230902_060137,0.0
20230828_205214,1457.0,20230805_191555,0.0
20230828_205214,1458.0,20230907_185744,0.0
20230828_205214,1460.0,20230907_185744,0.0
20230828_205214,1461.0,20230907_185744,0.0
20230828_205214,1462.0,20230831_060427,0.0
20230828_205214,1463.0,20230907_185744,0.0
20230828_205214,1464.0,20230811_060839,0.0
20230828_205214,1466.0,20230907_185744,0.0
20230828_205214,1467.0,20230902_060137,0.0
20230828_205214,1468.0,20230811_060839,1.0
20230828_205214,1469.0,20230807_062216,0.0
20230828_205214,1470.0,20230811_060839,0.0
20230828_205214,1471.0,20230831_141252,0.0
20230828_205214,1472.0,20230831_141252,0.0
20230828_205214,1473.0,20230831_060427,0.0
20230828_205214,1475.0,20230831_055535,0.0
20230828_205214,1476.0,20230831_055535,0.0
20230828_205214,1477.0,20230831_141252,0.0
20230828_205214,1478.0,20230831_055535,0.0
20230828_205214,1479.0,20230831_060427,1.0
20230828_205214,1480.0,20230831_055535,0.0
20230828_205214,1481.0,20230831_141252,0.0
20230828_205214,1482.0,20230902_060137,0.0
20230828_205214,1483.0,20230831_060427,1.0
20230828_205214,1484.0,20230831_055535,0.0
20230828_205214,1485.0,20230907_185744,0.0
20230828_205214,1486.0,20230831_060427,1.0
20230828_205214,1488.0,20230831_055535,0.0
20230828_205214,1489.0,20230831_055535,0.0
20230828_205214,1490.0,20230831_060427,0.0
20230828_205214,1491.0,20230831_133234,0.0
20230828_205214,1492.0,20230831_060427,1.0
20230828_205214,1493.0,20230805_191555,0.0
20230828_205214,1494.0,20230831_060427,1.0
20230828_205214,1495.0,20230805_191555,0.0
20230828_205214,1498.0,20230831_055535,0.0
20230828_205214,1499.0,20230831_055535,0.0
20230831_053936,232.0,20230831_053936,1.0
20230831_053936,233.0,20230831_053936,1.0
20230831_053936,238.0,20230831_053936,1.0
20230831_053936,239.0,20230831_053936,1.0
20230831_053936,240.0,20230831_053936,1.0
20230831_053936,241.0,20230831_053936,1.0
20230831_053936,242.0,20230831_053936,1.0
20230831_053936,243.0,20230831_053936,1.0
20230831_053936,248.0,20230831_060427,1.0
20230831_053936,249.0,20230831_053936,1.0
20230831_053936,254.0,20230831_053936,1.0
20230831_053936,256.0,20230831_053936,1.0
20230831_053936,257.0,20230831_053936,1.0
20230831_053936,258.0,20230831_053936,1.0
20230831_053936,259.0,20230831_053936,1.0
20230831_053936,260.0,20230831_053936,1.0
20230831_053936,261.0,20230831_053936,1.0
20230831_053936,262.0,20230831_053936,1.0
20230831_053936,263.0,20230831_053936,1.0
20230831_053936,264.0,20230831_053936,1.0
20230831_053936,265.0,20230831_053936,1.0
20230831_053936,266.0,20230831_053936,1.0
20230831_053936,267.0,20230831_053936,1.0
20230831_053936,269.0,20230831_053936,1.0
20230831_053936,270.0,20230831_053936,1.0
20230831_053936,272.0,20230831_053936,1.0
20230831_053936,273.0,20230831_053936,1.0
20230831_053936,275.0,20230902_054933,1.0
20230831_053936,276.0,20230831_143044,1.0
20230831_053936,277.0,20230831_053936,1.0
20230831_053936,280.0,20230831_053936,1.0
20230831_053936,281.0,20230831_053936,1.0
20230831_053936,282.0,20230831_053936,1.0
20230831_053936,283.0,20230831_053936,1.0
20230831_053936,1299.0,20230831_053936,1.0
20230831_053936,1300.0,20230831_053936,1.0
20230831_053936,1302.0,20230831_053936,1.0
20230831_053936,1306.0,20230831_053936,1.0
20230831_053936,1307.0,20230831_053936,1.0
20230831_053936,1308.0,20230831_053936,1.0
20230831_053936,1445.0,20230831_055535,1.0
20230831_053936,1446.0,20230831_053936,1.0
20230831_053936,1447.0,20230831_053936,1.0
20230831_053936,1448.0,20230831_053936,1.0
20230831_053936,1449.0,20230831_053936,1.0
20230831_055535,180.0,20230831_133234,1.0
20230831_055535,181.0,20230902_060137,1.0
20230831_055535,182.0,20230907_185744,1.0
20230831_055535,183.0,20230831_141252,1.0
20230831_055535,184.0,20230831_133234,1.0
20230831_055535,185.0,20230831_133234,1.0
20230831_055535,186.0,20230907_185744,0.0
20230831_055535,188.0,20230902_060137,1.0
20230831_055535,189.0,20230907_185744,0.0
20230831_055535,190.0,20230811_060839,1.0
20230831_055535,191.0,20230907_185744,1.0
20230831_055535,192.0,20230831_060427,1.0
20230831_055535,193.0,20230831_060427,1.0
20230831_055535,194.0,20230902_060137,0.0
20230831_055535,195.0,20230815_055951,1.0
20230831_055535,196.0,20230902_054933,0.0
20230831_055535,197.0,20230811_060839,0.0
20230831_055535,198.0,20230831_060427,1.0
20230831_055535,199.0,20230907_185744,1.0
20230831_055535,200.0,20230828_205214,0.0
20230831_055535,201.0,20230831_060427,1.0
20230831_055535,202.0,20230831_060427,0.0
20230831_055535,203.0,20230902_060137,1.0
20230831_055535,204.0,20230902_060137,1.0
20230831_055535,205.0,20230902_060137,0.0
20230831_055535,206.0,20230831_060427,1.0
20230831_055535,207.0,20230907_185744,0.0
20230831_055535,208.0,20230815_055951,1.0
20230831_055535,209.0,20230902_060137,0.0
20230831_055535,210.0,20230831_060427,1.0
20230831_055535,211.0,20230828_205214,0.0
20230831_055535,212.0,20230831_060427,1.0
20230831_055535,213.0,20230907_185744,0.0
20230831_055535,214.0,20230831_060427,1.0
20230831_055535,215.0,20230811_060839,1.0
20230831_055535,232.0,20230831_060427,0.0
20230831_055535,233.0,20230907_185744,1.0
20230831_055535,234.0,20230811_060839,1.0
20230831_055535,235.0,20230831_133234,1.0
20230831_055535,236.0,20230907_185744,1.0
20230831_055535,237.0,20230831_053936,1.0
20230831_055535,238.0,20230828_205214,1.0
20230831_055535,239.0,20230828_205214,0.0
20230831_055535,240.0,20230831_055535,1.0
20230831_055535,241.0,20230831_055535,1.0
20230831_055535,242.0,20230831_055535,1.0
20230831_055535,243.0,20230831_055535,1.0
20230831_055535,244.0,20230831_055535,1.0
20230831_055535,245.0,20231005_200808,1.0
20230831_055535,246.0,20230807_060504,0.0
20230831_055535,247.0,20231005_200808,1.0
20230831_055535,248.0,20230828_205214,0.0
20230831_055535,249.0,20230907_185744,0.0
20230831_055535,250.0,20230831_060427,1.0
20230831_055535,251.0,20230907_185744,1.0
20230831_055535,282.0,20230831_055535,1.0
20230831_055535,284.0,20230831_060427,1.0
20230831_055535,285.0,20230815_055951,1.0
20230831_055535,286.0,20230815_055951,1.0
20230831_055535,287.0,20231005_200808,1.0
20230831_055535,288.0,20230831_060427,0.0
20230831_055535,289.0,20230902_060137,0.0
20230831_055535,290.0,20230902_060137,0.0
20230831_055535,291.0,20230831_055535,1.0
20230831_055535,292.0,20230905_201332,1.0
20230831_055535,293.0,20230831_155428,0.0
20230831_055535,294.0,20230831_055535,1.0
20230831_055535,295.0,20230831_055535,1.0
20230831_055535,296.0,20230831_055535,1.0
20230831_055535,297.0,20230907_185744,1.0
20230831_055535,299.0,20230831_060427,1.0
20230831_055535,300.0,20230907_185744,1.0
20230831_055535,301.0,20230831_060427,0.0
20230831_055535,302.0,20230907_185744,1.0
20230831_055535,305.0,20230907_185744,1.0
20230831_055535,307.0,20230831_060427,1.0
20230831_055535,308.0,20230831_055535,1.0
20230831_055535,309.0,20230831_055535,1.0
20230831_055535,310.0,20230907_185744,1.0
20230831_055535,312.0,20230907_185744,1.0
20230831_055535,314.0,20230902_060137,0.0
20230831_055535,315.0,20230831_060427,1.0
20230831_055535,318.0,20230811_060839,1.0
20230831_055535,319.0,20230831_142118,1.0
20230831_055535,320.0,20230831_055535,1.0
20230831_055535,321.0,20230831_055535,1.0
20230831_055535,322.0,20230831_055535,1.0
20230831_055535,1471.0,20230907_185744,1.0
20230831_055535,1472.0,20230805_145544,0.0
20230831_055535,1473.0,20230811_060839,1.0
20230831_055535,1474.0,20230811_060839,1.0
20230831_055535,1475.0,20230831_141252,0.0
20230831_055535,1476.0,20230811_060839,1.0
20230831_055535,1477.0,20230907_185744,1.0
20230831_055535,1478.0,20230831_060427,1.0
20230831_055535,1479.0,20230811_060839,1.0
20230831_055535,1480.0,20230902_060137,0.0
20230831_055535,1481.0,20230828_205214,0.0
20230831_055535,1482.0,20230831_060427,0.0
20230831_055535,1484.0,20230831_141252,0.0
20230831_055535,1485.0,20230831_141252,0.0
20230831_055535,1486.0,20230831_060427,1.0
20230831_055535,1487.0,20230831_060427,1.0
20230831_055535,1488.0,20230805_191555,0.0
20230831_055535,1489.0,20230831_060427,1.0
20230831_055535,1490.0,20230831_141252,0.0
20230831_055535,1491.0,20230831_060427,0.0
20230831_055535,1492.0,20230828_205214,1.0
20230831_055535,1493.0,20230831_060427,1.0
20230831_055535,1494.0,20230828_205214,0.0
20230831_055535,1495.0,20230828_205214,0.0
20230831_055535,1496.0,20230831_060427,1.0
20230831_055535,1497.0,20230902_060137,0.0
20230831_055535,1498.0,20230815_055951,1.0
20230831_055535,1499.0,20230831_053936,0.0
20230831_055535,1500.0,20230831_141252,0.0
20230831_055535,1501.0,20230811_060839,1.0
20230831_055535,1502.0,20231005_200808,1.0
20230831_055535,1646.0,20230831_055535,1.0
20230831_055535,1647.0,20231005_200808,1.0
20230831_055535,1648.0,20230831_055535,1.0
20230831_055535,1649.0,20230831_055535,1.0
20230831_055535,1650.0,20230831_055535,1.0
20230831_055535,1651.0,20230831_055535,1.0
20230831_055535,1652.0,20230815_055951,1.0
20230831_055535,1653.0,20230831_055535,1.0
20230831_055535,1654.0,20230815_055951,1.0
20230831_055535,1655.0,20230831_055535,1.0
20230831_055535,1656.0,20230831_055535,1.0
20230831_055535,1657.0,20230831_055535,1.0
20230831_055535,1658.0,20230831_055535,1.0
20230831_055535,1659.0,20230907_185744,1.0
20230831_055535,1660.0,20230831_055535,1.0
20230831_055535,1661.0,20230831_055535,1.0
20230831_055535,1662.0,20230831_055535,1.0
20230831_055535,1663.0,20230831_055535,1.0
20230831_055535,1664.0,20231005_200808,1.0
20230831_055535,1665.0,20230831_055535,1.0
20230831_055535,1666.0,20230831_055535,1.0
20230831_055535,1667.0,20230831_055535,1.0
20230831_055535,1756.0,20230831_055535,1.0
20230831_055535,1757.0,20230811_060839,1.0
20230831_055535,1758.0,20230831_055535,1.0
20230831_055535,1759.0,20230831_055535,1.0
20230831_055535,1760.0,20230831_055535,1.0
20230831_055535,1761.0,20230831_055535,1.0
20230831_055535,1762.0,20230811_060839,1.0
20230831_055535,1763.0,20230831_055535,1.0
20230831_055535,1764.0,20230831_141252,1.0
20230831_060427,180.0,20230907_185744,1.0
20230831_060427,181.0,20230907_185744,1.0
20230831_060427,182.0,20230907_185744,1.0
20230831_060427,183.0,20230907_185744,1.0
20230831_060427,184.0,20230831_133234,1.0
20230831_060427,185.0,20230831_060427,1.0
20230831_060427,186.0,20231005_200808,1.0
20230831_060427,187.0,20230831_053936,1.0
20230831_060427,188.0,20230907_185744,1.0
20230831_060427,190.0,20230902_054933,1.0
20230831_060427,191.0,20230907_185744,1.0
20230831_060427,192.0,20230831_055535,1.0
20230831_060427,193.0,20230831_055535,1.0
20230831_060427,194.0,20230811_060839,1.0
20230831_060427,195.0,20230907_185744,1.0
20230831_060427,196.0,20230828_205214,0.0
20230831_060427,197.0,20230815_055951,1.0
20230831_060427,199.0,20230907_185744,0.0
20230831_060427,202.0,20230907_185744,0.0
20230831_060427,203.0,20230907_185744,0.0
20230831_060427,205.0,20230907_185744,0.0
20230831_060427,207.0,20230907_185744,0.0
20230831_060427,208.0,20230831_055535,0.0
20230831_060427,209.0,20230907_185744,1.0
20230831_060427,213.0,20230907_185744,0.0
20230831_060427,214.0,20230907_185744,0.0
20230831_060427,215.0,20230907_185744,1.0
20230831_060427,216.0,20230907_185744,0.0
20230831_060427,217.0,20230907_185744,0.0
20230831_060427,218.0,20230831_060427,1.0
20230831_060427,219.0,20230831_055535,1.0
20230831_060427,220.0,20230828_205214,0.0
20230831_060427,221.0,20230831_133234,0.0
20230831_060427,222.0,20230807_062216,0.0
20230831_060427,223.0,20230831_055535,1.0
20230831_060427,224.0,20230831_060427,1.0
20230831_060427,225.0,20230831_060427,1.0
20230831_060427,226.0,20230831_055535,0.0
20230831_060427,227.0,20230828_205214,1.0
20230831_060427,228.0,20230907_185744,0.0
20230831_060427,229.0,20230907_185744,0.0
20230831_060427,230.0,20230831_060427,1.0
20230831_060427,231.0,20230815_055951,1.0
20230831_060427,232.0,20230815_055951,1.0
20230831_060427,233.0,20230828_205214,1.0
20230831_060427,234.0,20230811_060839,0.0
20230831_060427,235.0,20230831_060427,1.0
20230831_060427,236.0,20230831_053936,1.0
20230831_060427,237.0,20231006_192754,1.0
20230831_060427,238.0,20230831_060427,1.0
20230831_060427,239.0,20230831_060427,1.0
20230831_060427,240.0,20230815_055951,1.0
20230831_060427,241.0,20230831_060427,1.0
20230831_060427,242.0,20230831_060427,1.0
20230831_060427,243.0,20231005_200808,1.0
20230831_060427,244.0,20230831_060427,1.0
20230831_060427,245.0,20231006_192754,1.0
20230831_060427,246.0,20230831_060427,1.0
20230831_060427,247.0,20230831_060427,1.0
20230831_060427,248.0,20230831_060427,1.0
20230831_060427,249.0,20230831_060427,1.0
20230831_060427,250.0,20230831_060427,1.0
20230831_060427,251.0,20231006_192754,1.0
20230831_060427,252.0,20231005_200808,1.0
20230831_060427,253.0,20230831_060427,1.0
20230831_060427,254.0,20230831_060427,1.0
20230831_060427,255.0,20230831_060427,1.0
20230831_060427,256.0,20230831_053936,1.0
20230831_060427,257.0,20230831_060427,1.0
20230831_060427,258.0,20230831_060427,1.0
20230831_060427,259.0,20230831_055535,1.0
20230831_060427,260.0,20230831_060427,1.0
20230831_060427,1473.0,20230907_185744,0.0
20230831_060427,1475.0,20230907_185744,1.0
20230831_060427,1478.0,20230902_060137,0.0
20230831_060427,1479.0,20230907_185744,1.0
20230831_060427,1480.0,20230811_060839,1.0
20230831_060427,1481.0,20230831_060427,1.0
20230831_060427,1482.0,20230905_201332,1.0
20230831_060427,1483.0,20230811_060839,1.0
20230831_060427,1484.0,20230807_062216,0.0
20230831_060427,1485.0,20230907_185744,0.0
20230831_060427,1486.0,20230828_205214,1.0
20230831_060427,1487.0,20230811_060839,0.0
20230831_060427,1489.0,20230907_185744,0.0
20230831_060427,1490.0,20230828_205214,1.0
20230831_060427,1491.0,20230831_055535,1.0
20230831_060427,1492.0,20230831_141252,0.0
20230831_060427,1493.0,20230815_055951,1.0
20230831_060427,1494.0,20231005_200808,1.0
20230831_060427,1495.0,20230831_060427,1.0
20230831_060427,1496.0,20230831_055535,1.0
20230831_060427,1497.0,20230907_185744,1.0
20230831_060427,1502.0,20230907_185744,0.0
20230831_060427,1503.0,20230907_185744,0.0
20230831_060427,1504.0,20230907_185744,0.0
20230831_060427,1506.0,20230907_185744,0.0
20230831_060427,1508.0,20231005_200808,1.0
20230831_060427,1509.0,20230828_205214,1.0
20230831_060427,1511.0,20230907_185744,0.0
20230831_060427,1514.0,20230907_185744,0.0
20230831_060427,1515.0,20230907_185744,0.0
20230831_060427,1517.0,20230907_185744,0.0
20230831_060427,1518.0,20230815_055951,1.0
20230831_060427,1519.0,20230811_060839,0.0
20230831_060427,1520.0,20230828_205214,1.0
20230831_060427,1521.0,20230831_141252,0.0
20230831_060427,1522.0,20230831_060427,1.0
20230831_060427,1523.0,20230831_060427,1.0
20230831_060427,1524.0,20230907_185744,0.0
20230831_060427,1525.0,20230831_055535,1.0
20230831_060427,1526.0,20230807_062216,0.0
20230831_060427,1527.0,20230807_062216,0.0
20230831_060427,1528.0,20230907_185744,0.0
20230831_060427,1530.0,20230805_191555,0.0
20230831_060427,1531.0,20230815_055951,1.0
20230831_060427,1532.0,20230907_185744,0.0
20230831_060427,1533.0,20230831_141252,0.0
20230831_060427,1534.0,20230831_055535,1.0
20230831_060427,1535.0,20230907_185744,1.0
20230831_060427,1536.0,20230831_060427,1.0
20230831_060427,1537.0,20230831_060427,1.0
20230831_060427,1538.0,20230907_185744,0.0
20230831_060427,1540.0,20230831_055535,0.0
20230831_060427,1541.0,20230907_185744,1.0
20230831_060427,1542.0,20230907_185744,0.0
20230831_060427,1543.0,20230902_060137,0.0
20230831_060427,1544.0,20230907_185744,0.0
20230831_060427,1545.0,20230831_055535,1.0
20230831_060427,1546.0,20230907_185744,0.0
20230831_060427,1547.0,20230902_060137,0.0
20230831_060427,1550.0,20230907_185744,0.0
20230831_060427,1552.0,20230831_055535,1.0
20230831_060427,1553.0,20230907_185744,0.0
20230831_060427,1554.0,20230811_060839,1.0
20230831_060427,1556.0,20230831_141252,0.0
20230831_060427,1557.0,20230828_205214,0.0
20230831_060427,1558.0,20230907_185744,0.0
20230831_060427,1560.0,20230907_185744,0.0
20230831_060427,1564.0,20230907_185744,0.0
20230831_060427,1565.0,20230907_185744,0.0
20230831_060427,1567.0,20230907_185744,0.0
20230831_060427,1568.0,20230811_060839,0.0
20230831_060427,1569.0,20230831_141252,0.0
20230831_060427,1571.0,20230907_185744,0.0
20230831_060427,1572.0,20230907_185744,0.0
20230831_060427,1573.0,20230907_185744,0.0
20230831_060427,1574.0,20230907_185744,0.0
20230831_060427,1575.0,20230907_185744,0.0
20230831_060427,1576.0,20230907_185744,0.0
20230831_060427,1578.0,20230907_185744,0.0
20230831_060427,1579.0,20230831_055535,1.0
20230831_060427,1580.0,20230907_185744,0.0
20230831_060427,1581.0,20230902_060137,0.0
20230831_060427,1582.0,20230831_055535,1.0
20230831_060427,1584.0,20230828_205214,0.0
20230831_060427,1585.0,20230831_055535,1.0
20230831_060427,1588.0,20230907_185744,0.0
20230831_060427,1589.0,20230907_185744,0.0
20230831_060427,1591.0,20230831_055535,1.0
20230831_060427,1593.0,20230902_060137,0.0
20230831_060427,1594.0,20230831_141252,0.0
20230831_060427,1595.0,20230831_055535,1.0
20230831_060427,1596.0,20230831_055535,1.0
20230831_060427,1597.0,20230907_185744,0.0
20230831_060427,1603.0,20230907_185744,0.0
20230831_060427,1605.0,20230907_185744,0.0
20230831_060427,1608.0,20230907_185744,0.0
20230831_060427,1609.0,20230828_205214,1.0
20230831_060427,1610.0,20230907_185744,0.0
20230831_060427,1615.0,20230907_185744,0.0
20230831_060427,1617.0,20230907_185744,0.0
20230831_060427,1618.0,20230902_060137,0.0
20230831_060427,1619.0,20230831_055535,1.0
20230831_060427,1620.0,20230831_055535,1.0
20230831_060427,1621.0,20230828_205214,0.0
20230831_060427,1623.0,20230811_060839,1.0
20230831_060427,1624.0,20230907_185744,0.0
20230831_060427,1626.0,20230902_060137,0.0
20230831_060427,1628.0,20230907_185744,1.0
20230831_060427,1630.0,20230907_185744,1.0
20230831_060427,1631.0,20230831_055535,1.0
20230831_133234,158.0,20230831_133234,1.0
20230831_133234,159.0,20230831_133234,1.0
20230831_133234,160.0,20230831_133234,1.0
20230831_133234,161.0,20230831_133234,1.0
20230831_133234,162.0,20230831_133234,1.0
20230831_133234,163.0,20230831_133234,1.0
20230831_133234,164.0,20230831_133234,1.0
20230831_133234,165.0,20230831_133234,1.0
20230831_133234,166.0,20230831_133234,1.0
20230831_133234,167.0,20230831_141252,1.0
20230831_133234,168.0,20230831_055535,0.0
20230831_133234,169.0,20230907_185744,1.0
20230831_133234,170.0,20230831_133234,1.0
20230831_133234,171.0,20230831_133234,1.0
20230831_133234,172.0,20230831_133234,1.0
20230831_133234,173.0,20230907_185744,1.0
20230831_133234,174.0,20230831_133234,1.0
20230831_133234,175.0,20230831_133234,1.0
20230831_133234,176.0,20230831_133234,1.0
20230831_133234,177.0,20230907_185744,1.0
20230831_133234,178.0,20230907_185744,1.0
20230831_133234,179.0,20230907_185744,1.0
20230831_133234,180.0,20230831_060427,0.0
20230831_133234,181.0,20230811_060839,1.0
20230831_133234,182.0,20230831_055535,0.0
20230831_133234,183.0,20230907_185744,1.0
20230831_133234,205.0,20230831_133234,1.0
20230831_133234,206.0,20230831_135124,1.0
20230831_133234,207.0,20230831_133234,1.0
20230831_133234,208.0,20230811_060839,0.0
20230831_133234,209.0,20230831_055535,0.0
20230831_133234,210.0,20230831_133234,1.0
20230831_133234,211.0,20230902_060137,1.0
20230831_133234,212.0,20230831_133234,1.0
20230831_133234,213.0,20230831_133234,1.0
20230831_133234,214.0,20230811_060839,1.0
20230831_133234,215.0,20230831_133234,1.0
20230831_133234,216.0,20230831_133234,1.0
20230831_133234,217.0,20230831_133234,1.0
20230831_133234,245.0,20230902_060137,1.0
20230831_133234,246.0,20230902_060137,1.0
20230831_133234,247.0,20230902_060137,1.0
20230831_133234,248.0,20230831_133234,1.0
20230831_133234,249.0,20230831_133234,1.0
20230831_133234,250.0,20230907_185744,1.0
20230831_133234,251.0,20230831_141252,0.0
20230831_133234,252.0,20230902_060137,1.0
20230831_133234,253.0,20230831_055535,1.0
20230831_133234,254.0,20230902_060137,1.0
20230831_133234,255.0,20230811_060839,1.0
20230831_133234,256.0,20230807_062216,0.0
20230831_133234,257.0,20230811_060839,1.0
20230831_133234,258.0,20230907_185744,1.0
20230831_133234,259.0,20230831_140541,1.0
20230831_133234,260.0,20230831_133234,1.0
20230831_133234,261.0,20230831_133234,1.0
20230831_133234,262.0,20230811_060839,1.0
20230831_133234,1092.0,20230831_143044,1.0
20230831_133234,1093.0,20230831_133234,1.0
20230831_133234,1094.0,20230805_145544,1.0
20230831_133234,1095.0,20230805_145544,1.0
20230831_133234,1096.0,20230831_135909,1.0
20230831_133234,1097.0,20230831_141252,1.0
20230831_133234,1098.0,20230831_133234,1.0
20230831_133234,1099.0,20230831_155428,1.0
20230831_133234,1100.0,20230831_133234,1.0
20230831_133234,1101.0,20230831_141252,1.0
20230831_133234,1102.0,20230831_141252,1.0
20230831_133234,1103.0,20230831_135124,1.0
20230831_133234,1104.0,20230831_133234,1.0
20230831_133234,1105.0,20230831_140541,1.0
20230831_133234,1106.0,20230831_135124,1.0
20230831_133234,1107.0,20230831_135124,1.0
20230831_133234,1108.0,20230831_143044,1.0
20230831_133234,1109.0,20230831_133234,1.0
20230831_133234,1110.0,20230902_054933,1.0
20230831_133234,1111.0,20230902_054933,1.0
20230831_133234,1112.0,20230831_055535,1.0
20230831_133234,1113.0,20230831_133234,1.0
20230831_133234,1114.0,20230811_060839,1.0
20230831_133234,1115.0,20230831_141252,1.0
20230831_135124,1045.0,20230811_060839,1.0
20230831_135124,1046.0,20230831_141252,1.0
20230831_135124,1047.0,20230831_141252,1.0
20230831_135124,1048.0,20230831_143044,1.0
20230831_135124,1049.0,20230831_135124,1.0
20230831_135124,1050.0,20230831_135124,1.0
20230831_135124,1052.0,20230831_135124,1.0
20230831_135124,1053.0,20230831_135124,1.0
20230831_135124,1054.0,20230831_135124,1.0
20230831_135124,1055.0,20230831_135124,1.0
20230831_135124,1060.0,20230811_060839,1.0
20230831_135124,1063.0,20230831_135124,1.0
20230831_135124,1068.0,20230831_135124,1.0
20230831_135124,1070.0,20230831_135124,1.0
20230831_135124,1071.0,20230902_054933,1.0
20230831_135124,1072.0,20230831_135124,1.0
20230831_135124,1073.0,20230831_135124,1.0
20230831_135124,1074.0,20230831_135124,1.0
20230831_135124,1075.0,20230831_133234,1.0
20230831_135124,1076.0,20230828_185848,1.0
20230831_135124,1077.0,20230831_135124,1.0
20230831_135124,1078.0,20230831_135124,1.0
20230831_135124,1079.0,20230831_135124,1.0
20230831_135124,1080.0,20230831_135124,1.0
20230831_135124,1081.0,20230831_135124,1.0
20230831_135124,1082.0,20230831_053936,1.0
20230831_135124,1083.0,20230831_135124,1.0
20230831_135124,1084.0,20230831_135124,1.0
20230831_135124,1085.0,20230831_135124,1.0
20230831_135124,1086.0,20230831_135124,1.0
20230831_135124,1087.0,20230831_135124,1.0
20230831_135124,1088.0,20230831_135124,1.0
20230831_135909,1004.0,20230828_185848,1.0
20230831_135909,1005.0,20230831_135909,1.0
20230831_135909,1006.0,20230831_163856,1.0
20230831_135909,1007.0,20230902_060137,1.0
20230831_135909,1008.0,20230831_135909,1.0
20230831_135909,1009.0,20230902_054933,1.0
20230831_135909,1010.0,20230811_060839,1.0
20230831_140541,1187.0,20230831_143044,1.0
20230831_140541,1188.0,20230831_135909,1.0
20230831_140541,1189.0,20230831_140541,1.0
20230831_140541,1190.0,20230811_060839,1.0
20230831_140541,1191.0,20230831_141252,1.0
20230831_140541,1192.0,20230831_140541,1.0
20230831_140541,1193.0,20230831_140541,1.0
20230831_140541,1194.0,20230831_140541,1.0
20230831_140541,1195.0,20230831_140541,1.0
20230831_140541,1196.0,20230831_140541,1.0
20230831_140541,1197.0,20230831_141252,1.0
20230831_140541,1198.0,20230831_140541,1.0
20230831_140541,1199.0,20230831_140541,1.0
20230831_141252,158.0,20230831_141252,1.0
20230831_141252,159.0,20230831_141252,1.0
20230831_141252,160.0,20230831_141252,1.0
20230831_141252,170.0,20230831_141252,1.0
20230831_141252,171.0,20230831_141252,1.0
20230831_141252,174.0,20230831_141252,1.0
20230831_141252,176.0,20230831_141252,1.0
20230831_141252,177.0,20230831_141252,1.0
20230831_141252,212.0,20230831_141252,1.0
20230831_141252,213.0,20230831_141252,1.0
20230831_141252,214.0,20230831_141252,1.0
20230831_141252,215.0,20230831_141252,1.0
20230831_141252,217.0,20230831_141252,1.0
20230831_141252,228.0,20230831_141252,1.0
20230831_141252,229.0,20230831_141252,1.0
20230831_141252,255.0,20230828_205214,0.0
20230831_141252,256.0,20230907_185744,0.0
20230831_141252,257.0,20230831_060427,0.0
20230831_141252,258.0,20230815_055951,0.0
20230831_141252,260.0,20230811_060839,1.0
20230831_141252,261.0,20230907_185744,0.0
20230831_141252,262.0,20230831_135124,0.0
20230831_141252,263.0,20230811_060839,1.0
20230831_141252,264.0,20230902_060137,0.0
20230831_141252,265.0,20230907_185744,0.0
20230831_141252,266.0,20230807_062216,0.0
20230831_141252,270.0,20230805_145544,0.0
20230831_141252,271.0,20230831_055535,0.0
20230831_141252,272.0,20230902_060137,0.0
20230831_141252,273.0,20230831_133234,0.0
20230831_141252,274.0,20230831_141252,1.0
20230831_141252,276.0,20230831_155428,1.0
20230831_141252,277.0,20230831_155428,1.0
20230831_141252,279.0,20230907_185744,0.0
20230831_141252,280.0,20230807_062216,0.0
20230831_141252,283.0,20230831_055535,0.0
20230831_141252,284.0,20230907_185744,0.0
20230831_141252,285.0,20230907_185744,0.0
20230831_141252,286.0,20230828_205214,0.0
20230831_141252,287.0,20230907_185744,0.0
20230831_141252,289.0,20230831_155428,1.0
20230831_141252,290.0,20230907_185744,0.0
20230831_141252,291.0,20230831_055535,0.0
20230831_141252,292.0,20230907_185744,0.0
20230831_141252,293.0,20230907_185744,1.0
20230831_141252,294.0,20230828_205214,0.0
20230831_141252,296.0,20230831_055535,0.0
20230831_141252,297.0,20230907_185744,0.0
20230831_141252,298.0,20230831_133234,0.0
20230831_141252,299.0,20230907_185744,0.0
20230831_141252,300.0,20230811_060839,1.0
20230831_141252,302.0,20230811_060839,1.0
20230831_141252,1064.0,20230831_141252,1.0
20230831_141252,1065.0,20230831_141252,1.0
20230831_141252,1071.0,20230831_141252,1.0
20230831_141252,1072.0,20230831_141252,1.0
20230831_141252,1073.0,20230831_141252,1.0
20230831_141252,1074.0,20230831_135124,1.0
20230831_141252,1194.0,20230902_060137,1.0
20230831_141252,1195.0,20230831_141252,1.0
20230831_141252,1196.0,20230831_141252,1.0
20230831_141252,1197.0,20230831_141252,1.0
20230831_141252,1198.0,20230831_141252,1.0
20230831_141252,1199.0,20230809_185948,1.0
20230831_141252,1200.0,20230831_141252,1.0
20230831_141252,1201.0,20230831_141252,1.0
20230831_141252,1202.0,20230831_141252,1.0
20230831_141252,1203.0,20230831_141252,1.0
20230831_141252,1204.0,20230831_055535,1.0
20230831_141252,1205.0,20230831_141252,1.0
20230831_141252,1206.0,20230831_141252,1.0
20230831_141252,1207.0,20230902_060137,1.0
20230831_141252,1208.0,20230811_060839,1.0
20230831_141252,1209.0,20230831_141252,1.0
20230831_141252,1210.0,20230831_141252,1.0
20230831_141252,1211.0,20230831_141252,1.0
20230831_141252,1212.0,20230831_141252,1.0
20230831_141252,1213.0,20230831_141252,1.0
20230831_141252,1214.0,20230831_141252,1.0
20230831_141252,1215.0,20230831_141252,1.0
20230831_141252,1216.0,20230831_141252,1.0
20230831_141252,1217.0,20230831_141252,1.0
20230831_141252,1218.0,20230831_141252,1.0
20230831_141252,1219.0,20230831_141252,1.0
20230831_141252,1220.0,20230831_141252,1.0
20230831_141252,1221.0,20230831_141252,1.0
20230831_141252,1222.0,20230831_141252,1.0
20230831_141252,1223.0,20230831_141252,1.0
20230831_141252,1224.0,20230831_141252,1.0
20230831_141252,1225.0,20230831_141252,1.0
20230831_141252,1226.0,20230831_141252,1.0
20230831_141252,1227.0,20230831_141252,1.0
20230831_141252,1228.0,20230807_062216,0.0
20230831_141252,1316.0,20230831_141252,1.0
20230831_141252,1318.0,20230831_055535,0.0
20230831_141252,1325.0,20230831_141252,1.0
20230831_141252,1326.0,20230831_141252,1.0
20230831_141252,1327.0,20230831_141252,1.0
20230831_141252,1328.0,20230902_054933,1.0
20230831_141252,1329.0,20230831_141252,1.0
20230831_141252,1330.0,20230831_141252,1.0
20230831_141252,1331.0,20230831_141252,1.0
20230831_141252,1332.0,20230831_141252,1.0
20230831_141252,1333.0,20230831_141252,1.0
20230831_142118,842.0,20230831_142118,1.0
20230831_142118,843.0,20230831_142118,1.0
20230831_142118,844.0,20230831_133234,1.0
20230831_142118,845.0,20230831_142118,1.0
20230831_142118,846.0,20230831_142118,1.0
20230831_142118,847.0,20230831_142118,1.0
20230831_142118,848.0,20230831_142118,1.0
20230831_142118,849.0,20230831_133234,1.0
20230831_142118,850.0,20230831_163856,1.0
20230831_142118,851.0,20230831_142118,1.0
20230831_142118,852.0,20230831_142118,1.0
20230831_142118,853.0,20230831_142118,1.0
20230831_142118,854.0,20230831_141252,1.0
20230831_142118,855.0,20230831_142118,1.0
20230831_142118,856.0,20230905_201332,1.0
20230831_142118,857.0,20230831_133234,1.0
20230831_142118,858.0,20230831_142118,1.0
20230831_142118,859.0,20230831_135909,1.0
20230831_142118,1031.0,20230902_060137,1.0
20230831_142118,1032.0,20230831_142118,1.0
20230831_142118,1033.0,20230831_142118,1.0
20230831_142118,1034.0,20230828_185848,1.0
20230831_142118,1035.0,20230831_141252,1.0
20230831_142118,1036.0,20230831_142118,1.0
20230831_143044,1388.0,20230831_143044,1.0
20230831_143044,1389.0,20230831_143044,1.0
20230831_143044,1390.0,20230831_155428,1.0
20230831_143044,1391.0,20230831_142118,1.0
20230831_143044,1392.0,20230831_163856,1.0
20230831_143044,1393.0,20230809_185948,1.0
20230831_143044,1394.0,20230831_141252,1.0
20230831_143044,1395.0,20230831_143044,1.0
20230831_143044,1396.0,20230831_135909,1.0
20230831_143044,1397.0,20230902_060137,1.0
20230831_143044,1398.0,20230831_133234,1.0
20230831_143044,1399.0,20230831_143044,1.0
20230831_143044,1400.0,20230907_185744,1.0
20230831_143044,1401.0,20230831_133234,1.0
20230831_143044,1402.0,20230905_201332,1.0
20230831_143044,1403.0,20230902_054933,1.0
20230831_143044,1404.0,20230831_135124,1.0
20230831_143044,1405.0,20230831_141252,1.0
20230831_143044,1406.0,20230907_185744,1.0
20230831_143044,1407.0,20230902_054933,1.0
20230831_143044,1408.0,20230809_185948,1.0
20230831_143044,1409.0,20230831_143044,1.0
20230831_143044,1410.0,20230831_143044,1.0
20230831_155428,1140.0,20230831_155428,1.0
20230831_155428,1141.0,20230831_155428,1.0
20230831_155428,1142.0,20230831_155428,1.0
20230831_155428,1143.0,20230831_155428,1.0
20230831_155428,1144.0,20230831_155428,1.0
20230831_155428,1145.0,20230831_155428,1.0
20230831_155428,1146.0,20230831_155428,1.0
20230831_155428,1147.0,20230811_060839,1.0
20230831_155428,1164.0,20230831_155428,1.0
20230831_155428,1165.0,20230831_155428,1.0
20230831_155428,1166.0,20230831_155428,1.0
20230831_155428,1167.0,20230831_155428,1.0
20230831_155428,1176.0,20230831_155428,1.0
20230831_155428,1177.0,20230805_145544,1.0
20230831_155428,1178.0,20230831_155428,1.0
20230831_155428,1179.0,20230805_145141,1.0
20230831_155428,1180.0,20230831_155428,1.0
20230831_155428,1181.0,20230831_155428,1.0
20230831_155428,1182.0,20230811_060839,1.0
20230831_155428,1183.0,20230831_155428,1.0
20230831_155428,1225.0,20230831_155428,1.0
20230831_155428,1226.0,20230805_145544,1.0
20230831_155428,1228.0,20230831_142118,1.0
20230831_155428,1229.0,20230831_155428,1.0
20230831_155428,1231.0,20230831_155428,1.0
20230831_155428,1232.0,20230805_145544,1.0
20230831_155428,1233.0,20230905_201332,1.0
20230831_155428,1234.0,20230831_155428,1.0
20230831_155428,1235.0,20230831_141252,1.0
20230831_155428,1236.0,20230831_155428,1.0
20230831_155428,1237.0,20230831_155428,1.0
20230831_155428,1239.0,20230831_155428,1.0
20230831_155428,1240.0,20230831_155428,1.0
20230831_162051,166.0,20230831_162051,1.0
20230831_162051,167.0,20230831_162051,1.0
20230831_162051,172.0,20230831_162051,1.0
20230831_162051,173.0,20230831_162051,1.0
20230831_162051,179.0,20230807_055421,1.0
20230831_162051,184.0,20230831_162051,1.0
20230831_162051,187.0,20230831_162051,1.0
20230831_162051,190.0,20230807_055421,1.0
20230831_162051,191.0,20230831_162051,1.0
20230831_162051,539.0,20230831_162051,1.0
20230831_162051,892.0,20230831_162051,1.0
20230831_162051,1456.0,20230831_162051,1.0
20230831_162051,1457.0,20230831_162051,1.0
20230831_162051,1461.0,20230831_162051,1.0
20230831_162051,1462.0,20230831_162051,1.0
20230831_163856,1084.0,20230831_163856,1.0
20230831_163856,1085.0,20230831_163856,1.0
20230831_163856,1086.0,20230831_163856,1.0
20230831_163856,1087.0,20230805_145141,1.0
20230831_163856,1088.0,20230805_145544,1.0
20230831_163856,1089.0,20230831_135124,1.0
20230831_163856,1090.0,20230902_054933,1.0
20230831_163856,1091.0,20230902_054933,1.0
20230831_163856,1092.0,20230831_163856,1.0
20230831_163856,1093.0,20230831_141252,1.0
20230831_163856,1094.0,20230831_141252,1.0
20230902_054933,200.0,20230902_054933,1.0
20230902_054933,201.0,20230902_054933,1.0
20230902_054933,202.0,20230902_054933,1.0
20230902_054933,203.0,20230902_054933,1.0
20230902_054933,204.0,20230902_054933,1.0
20230902_054933,205.0,20230902_054933,1.0
20230902_054933,206.0,20230902_054933,1.0
20230902_054933,209.0,20230902_054933,1.0
20230902_054933,215.0,20230902_054933,1.0
20230902_054933,216.0,20230905_201332,1.0
20230902_054933,220.0,20230902_054933,1.0
20230902_054933,225.0,20230902_054933,1.0
20230902_054933,227.0,20230902_054933,1.0
20230902_054933,228.0,20230902_054933,1.0
20230902_054933,230.0,20230902_054933,1.0
20230902_054933,232.0,20230902_054933,1.0
20230902_054933,233.0,20230902_054933,1.0
20230902_054933,234.0,20230902_054933,1.0
20230902_054933,235.0,20230902_054933,1.0
20230902_054933,1098.0,20230902_054933,1.0
20230902_054933,1099.0,20230902_054933,1.0
20230902_054933,1100.0,20230902_054933,1.0
20230902_054933,1101.0,20230831_055535,1.0
20230902_054933,1102.0,20230831_133234,1.0
20230902_054933,1103.0,20230831_055535,1.0
20230902_054933,1104.0,20230902_054933,1.0
20230902_054933,1105.0,20230902_054933,1.0
20230902_054933,1371.0,20230831_141252,1.0
20230902_054933,1372.0,20230902_054933,1.0
20230902_054933,1373.0,20230831_055535,1.0
20230902_054933,1374.0,20230902_054933,1.0
20230902_054933,1375.0,20230902_054933,1.0
20230902_054933,1376.0,20230831_143044,1.0
20230902_054933,1377.0,20230831_053936,1.0
20230902_054933,1378.0,20230831_053936,1.0
20230902_054933,1379.0,20230902_054933,1.0
20230902_060137,219.0,20230811_060839,0.0
20230902_060137,220.0,20230907_185744,0.0
20230902_060137,222.0,20230811_060839,0.0
20230902_060137,223.0,20230828_205214,0.0
20230902_060137,225.0,20230831_133234,1.0
20230902_060137,227.0,20230807_062216,0.0
20230902_060137,228.0,20230828_205214,0.0
20230902_060137,229.0,20230831_060427,0.0
20230902_060137,230.0,20230907_185744,0.0
20230902_060137,231.0,20230831_141252,1.0
20230902_060137,232.0,20230831_133234,1.0
20230902_060137,233.0,20230831_060427,0.0
20230902_060137,236.0,20230907_185744,0.0
20230902_060137,237.0,20230828_205214,0.0
20230902_060137,238.0,20230828_205214,0.0
20230902_060137,239.0,20230831_060427,0.0
20230902_060137,240.0,20230811_060839,1.0
20230902_060137,241.0,20230831_135124,1.0
20230902_060137,242.0,20230811_060839,1.0
20230902_060137,243.0,20230831_141252,1.0
20230902_060137,244.0,20230902_060137,1.0
20230902_060137,245.0,20230902_060137,1.0
20230902_060137,246.0,20230902_060137,1.0
20230902_060137,247.0,20230831_133234,1.0
20230902_060137,251.0,20230902_060137,1.0
20230902_060137,252.0,20230902_060137,1.0
20230902_060137,253.0,20230902_060137,1.0
20230902_060137,254.0,20230831_141252,1.0
20230902_060137,255.0,20230811_060839,1.0
20230902_060137,256.0,20230831_055535,1.0
20230902_060137,257.0,20230907_185744,1.0
20230902_060137,266.0,20230831_060427,1.0
20230902_060137,268.0,20230831_133234,1.0
20230902_060137,272.0,20230831_055535,0.0
20230902_060137,273.0,20230907_185744,0.0
20230902_060137,278.0,20230902_060137,1.0
20230902_060137,280.0,20230815_055951,0.0
20230902_060137,282.0,20230828_205214,0.0
20230902_060137,283.0,20230831_143044,1.0
20230902_060137,285.0,20230902_060137,1.0
20230902_060137,286.0,20230902_060137,1.0
20230902_060137,287.0,20230902_060137,1.0
20230902_060137,290.0,20230902_060137,1.0
20230902_060137,291.0,20230902_060137,1.0
20230902_060137,292.0,20230902_060137,1.0
20230902_060137,293.0,20230902_060137,1.0
20230902_060137,294.0,20230831_133234,1.0
20230902_060137,295.0,20230831_141252,0.0
20230902_060137,297.0,20230831_133234,1.0
20230902_060137,298.0,20230831_055535,0.0
20230902_060137,1160.0,20230831_060427,0.0
20230902_060137,1161.0,20230831_055535,0.0
20230902_060137,1162.0,20230831_060427,0.0
20230902_060137,1163.0,20230811_060839,1.0
20230902_060137,1166.0,20230907_185744,0.0
20230902_060137,1167.0,20230831_060427,0.0
20230902_060137,1168.0,20230831_133234,1.0
20230902_060137,1169.0,20230907_185744,0.0
20230902_060137,1172.0,20230828_205214,0.0
20230902_060137,1173.0,20230907_185744,0.0
20230902_060137,1174.0,20230831_055535,0.0
20230902_060137,1175.0,20230828_205214,0.0
20230902_060137,1177.0,20230831_141252,0.0
20230902_060137,1178.0,20230811_060839,1.0
20230902_060137,1179.0,20230811_060839,1.0
20230902_060137,1180.0,20230815_055951,0.0
20230902_060137,1181.0,20230831_141252,0.0
20230902_060137,1182.0,20230831_133234,0.0
20230902_060137,1184.0,20230811_060839,1.0
20230902_060137,1392.0,20230831_055535,0.0
20230902_060137,1393.0,20230907_185744,1.0
20230902_060137,1394.0,20230831_141252,1.0
20230902_060137,1395.0,20230831_133234,1.0
20230902_060137,1396.0,20230805_191555,0.0
20230902_060137,1399.0,20230828_205214,0.0
20230902_060137,1400.0,20230828_205214,0.0
20230902_060137,1401.0,20230831_060427,0.0
20230902_060137,1405.0,20230907_185744,1.0
20230902_060137,1406.0,20230831_060427,0.0
20230902_060137,1407.0,20230811_060839,1.0
20230902_060137,1409.0,20230811_060839,1.0
20230902_060137,1410.0,20230907_185744,1.0
20230902_060137,1411.0,20230907_185744,0.0
20230902_060137,1412.0,20230831_141252,0.0
20230902_060137,1414.0,20230828_205214,0.0
20230902_060137,1415.0,20230831_060427,0.0
20230902_060137,1416.0,20230828_205214,0.0
20230902_060137,1418.0,20230831_055535,1.0
20230902_060137,1420.0,20230811_060839,0.0
20230902_060137,1422.0,20230811_060839,1.0
20230902_060137,1423.0,20230907_185744,0.0
20230902_060137,1424.0,20230811_060839,1.0
20230902_060137,1425.0,20230811_060839,1.0
20230902_060137,1426.0,20230831_133234,1.0
20230902_060137,1427.0,20230807_062216,0.0
20230902_060137,1430.0,20230831_060427,0.0
20230902_060137,1431.0,20230805_191555,0.0
20230902_060137,1433.0,20230811_060839,1.0
20230902_060137,1434.0,20230811_060839,1.0
20230902_060137,1435.0,20230831_060427,0.0
20230902_060137,1437.0,20230811_060839,1.0
20230902_060137,1438.0,20230831_055535,0.0
20230902_060137,1439.0,20230907_185744,0.0
20230902_060137,1440.0,20230831_133234,1.0
20230902_060137,1442.0,20230831_133234,1.0
20230902_060137,1443.0,20230831_143044,1.0
20230902_060137,1444.0,20230902_060137,1.0
20230902_060137,1445.0,20230902_060137,1.0
20230902_060137,1446.0,20230902_060137,1.0
20230902_060137,1447.0,20230831_135124,1.0
20230905_200415,1295.0,20230831_140541,1.0
20230905_200415,1296.0,20230811_060839,1.0
20230905_200415,1297.0,20230902_060137,1.0
20230905_200415,1298.0,20230831_141252,1.0
20230905_200415,1299.0,20230905_200415,1.0
20230905_200415,1300.0,20230831_141252,1.0
20230905_200415,1301.0,20230831_053936,1.0
20230905_200415,1302.0,20231006_192754,1.0
20230905_200415,1304.0,20230907_185744,1.0
20230905_201332,133.0,20230905_201332,1.0
20230905_201332,135.0,20230905_201332,1.0
20230905_201332,136.0,20230831_135124,1.0
20230905_201332,137.0,20230905_201332,1.0
20230905_201332,138.0,20230905_201332,1.0
20230905_201332,139.0,20230831_143044,1.0
20230905_201332,141.0,20230831_053936,1.0
20230905_201332,142.0,20230905_201332,1.0
20230905_201332,143.0,20230905_201332,1.0
20230905_201332,144.0,20230905_201332,1.0
20230905_201332,145.0,20231005_200808,1.0
20230905_201332,146.0,20230905_201332,1.0
20230905_201332,147.0,20230831_055535,1.0
20230905_201332,148.0,20230905_201332,1.0
20230905_201332,149.0,20230905_201332,1.0
20230905_201332,150.0,20230905_201332,1.0
20230905_201332,151.0,20230905_201332,1.0
20230905_201332,152.0,20230907_185744,1.0
20230905_201332,153.0,20230831_055535,1.0
20230905_201332,154.0,20230831_135909,1.0
20230905_201332,155.0,20230907_185744,1.0
20230905_201332,156.0,20230831_055535,1.0
20230905_201332,157.0,20230828_205214,1.0
20230905_201332,158.0,20231005_200808,1.0
20230905_201332,159.0,20230907_185744,1.0
20230905_201332,160.0,20231005_200808,1.0
20230907_185744,238.0,20230907_185744,1.0
20230907_185744,239.0,20230905_201332,1.0
20230907_185744,249.0,20230831_060427,0.0
20230907_185744,258.0,20230831_055535,1.0
20230907_185744,271.0,20230831_060427,1.0
20230907_185744,272.0,20230831_055535,1.0
20230907_185744,273.0,20230902_060137,0.0
20230907_185744,276.0,20230831_060427,0.0
20230907_185744,298.0,20230831_055535,0.0
20230907_185744,299.0,20230902_060137,0.0
20230907_185744,302.0,20230831_060427,0.0
20230907_185744,304.0,20230831_060427,0.0
20230907_185744,306.0,20230831_060427,0.0
20230907_185744,307.0,20230902_060137,0.0
20230907_185744,311.0,20230831_060427,0.0
20230907_185744,312.0,20230902_060137,0.0
20230907_185744,313.0,20230902_060137,1.0
20230907_185744,314.0,20230831_060427,0.0
20230907_185744,836.0,20230831_060427,1.0
20230907_185744,840.0,20230831_060427,1.0
20230907_185744,841.0,20230831_060427,0.0
20230907_185744,847.0,20230831_060427,0.0
20230907_185744,878.0,20230902_060137,0.0
20230907_185744,879.0,20230831_060427,1.0
20230907_185744,881.0,20230831_060427,0.0
20230907_185744,1348.0,20230831_142118,1.0
20230907_185744,1358.0,20230831_133234,1.0
20230907_185744,1360.0,20230831_055535,1.0
20230907_185744,1361.0,20230831_053936,1.0
20230907_185744,1362.0,20230811_060839,1.0
20230907_185744,1364.0,20230831_060427,1.0
20230907_185744,1365.0,20230831_133234,1.0
20230907_185744,1370.0,20230811_060839,1.0
20230907_185744,1371.0,20230811_060839,1.0
20230907_185744,1372.0,20230831_060427,1.0
20230907_185744,1373.0,20230831_055535,1.0
20230907_185744,1374.0,20230811_060839,1.0
20230907_185744,1376.0,20230831_055535,1.0
20230907_185744,1388.0,20230907_185744,1.0
20230907_185744,1389.0,20230831_055535,1.0
20230907_185744,1398.0,20230831_060427,0.0
20230907_185744,1400.0,20230828_205214,0.0
20230907_185744,1401.0,20230831_055535,0.0
20230907_185744,1402.0,20230811_060839,1.0
20230907_185744,1403.0,20230831_133234,1.0
20230907_185744,1405.0,20230831_055535,1.0
20230907_185744,1406.0,20230831_055535,1.0
20230907_185744,1410.0,20230831_055535,1.0
20230907_185744,1411.0,20230831_053936,1.0
20230907_185744,1413.0,20230831_053936,1.0
20230907_185744,1414.0,20230811_060839,1.0
20230907_185744,1415.0,20230811_060839,0.0
20230907_185744,1416.0,20230831_133234,1.0
20230907_185744,1417.0,20230831_053936,1.0
20230907_185744,1428.0,20230831_141252,0.0
20230907_185744,1438.0,20230831_135124,1.0
20230907_185744,1439.0,20230831_060427,1.0
20230907_185744,1458.0,20230831_060427,0.0
20230907_185744,1461.0,20230831_060427,0.0
20230907_185744,1464.0,20230831_060427,0.0
20230907_185744,1465.0,20230831_055535,1.0
20230907_185744,1466.0,20230831_141252,0.0
20230907_185744,1467.0,20230831_055535,0.0
20230907_185744,1472.0,20230902_060137,0.0
20230907_185744,1473.0,20230828_205214,0.0
20230907_185744,1477.0,20230831_060427,0.0
20230907_185744,1498.0,20230831_055535,1.0
20230907_185744,1499.0,20230902_060137,0.0
20230907_185744,1500.0,20230831_060427,0.0
20230907_185744,1506.0,20230902_060137,0.0
20230907_185744,1507.0,20230831_055535,0.0
20230907_185744,1510.0,20230831_060427,0.0
20230907_185744,1512.0,20230828_205214,0.0
20230907_185744,1513.0,20230828_205214,0.0
20230907_185744,1514.0,20230831_060427,0.0
20230907_185744,1529.0,20230831_060427,0.0
20230907_185744,1538.0,20230831_060427,0.0
20230907_185744,1548.0,20230831_055535,1.0
20230907_185744,1561.0,20230811_060839,1.0
20230907_185744,1562.0,20230828_205214,0.0
20230907_185744,1563.0,20230831_053936,1.0
20230907_185744,1564.0,20230831_140541,1.0
20230907_185744,1565.0,20230831_055535,1.0
20230907_185744,1567.0,20230831_055535,1.0
20230907_185744,1570.0,20230902_060137,1.0
20230907_185744,1572.0,20230831_053936,1.0
20230907_185744,1573.0,20230805_191555,0.0
20230907_185744,1574.0,20230902_060137,0.0
20230907_185744,1575.0,20230831_055535,0.0
20230907_185744,1576.0,20230831_053936,1.0
20230907_185744,1577.0,20230831_060427,1.0
20230907_185744,1588.0,20230902_060137,0.0
20230907_185744,1589.0,20230815_055951,0.0
20230907_185744,1649.0,20230831_060427,0.0
20230907_185744,1658.0,20230811_060839,1.0
20230907_185744,1659.0,20230831_060427,0.0
20230907_185744,1662.0,20230831_060427,0.0
20230907_185744,1663.0,20230831_060427,0.0
20230907_185744,1665.0,20230902_060137,0.0
20230907_185744,1666.0,20230831_060427,0.0
20230907_185744,1670.0,20230831_141252,1.0
20230907_185744,1671.0,20230831_055535,1.0
20230907_185744,1672.0,20230831_060427,0.0
20230907_185744,1688.0,20230831_060427,0.0
20230907_185744,1702.0,20230831_060427,0.0
20230907_185744,1704.0,20230902_060137,0.0
20230907_185744,1705.0,20230831_055535,0.0
20230907_185744,1706.0,20230831_060427,0.0
20230907_185744,1707.0,20230831_060427,0.0
20230907_185744,1710.0,20230831_060427,0.0
20230907_185744,1711.0,20230831_060427,0.0
20230907_185744,1712.0,20230831_060427,0.0
20230907_185744,1713.0,20230831_060427,0.0
20230907_185744,1729.0,20230831_060427,0.0
20230907_185744,1738.0,20230831_060427,0.0
20230907_185744,1739.0,20230831_055535,0.0
20230907_185744,1748.0,20230831_133234,1.0
20230907_185744,1749.0,20230831_060427,0.0
20230907_185744,1758.0,20230831_053936,1.0
20230907_185744,1761.0,20230811_060839,1.0
20230907_185744,1762.0,20230831_141252,0.0
20230907_185744,1763.0,20230902_060137,0.0
20230907_185744,1764.0,20230831_141252,1.0
20230907_185744,1808.0,20230907_185744,1.0
20230907_185744,1818.0,20230811_060839,1.0
20230907_185744,1819.0,20230831_060427,0.0
20230907_185744,1820.0,20230907_185744,1.0
20230907_185744,1821.0,20230831_142118,1.0
20230907_185744,1822.0,20230811_060839,1.0
20230907_185744,1823.0,20230828_205214,0.0
20230907_185744,1824.0,20230902_060137,1.0
20230907_185744,1825.0,20230807_062216,0.0
20230907_185744,1827.0,20230831_141252,0.0
20230907_185744,1830.0,20230831_055535,1.0
20230907_185744,1831.0,20230831_060427,0.0
20230907_185744,1832.0,20230831_060427,1.0
20230907_185744,1833.0,20230831_133234,0.0
20230907_185744,1834.0,20230907_185744,1.0
20230907_185744,1835.0,20231005_200808,1.0
20230907_185744,1837.0,20230902_060137,1.0
20230907_185744,1841.0,20230831_060427,0.0
20230907_185744,1842.0,20230831_060427,0.0
20230907_185744,1843.0,20230811_060839,1.0
20230907_185744,1845.0,20230831_060427,0.0
20230907_185744,1878.0,20230831_060427,0.0
20230907_185744,1880.0,20230902_060137,1.0
20230907_185744,1881.0,20230902_060137,1.0
20230907_185744,1882.0,20230831_060427,0.0
20230907_185744,1883.0,20230831_060427,0.0
20230907_185744,1893.0,20230831_060427,0.0
20230907_185744,1894.0,20230828_205214,0.0
20230907_185744,1919.0,20230831_060427,0.0
20230907_185744,1920.0,20230831_060427,0.0
20230907_185744,1922.0,20230902_060137,0.0
20230907_185744,1923.0,20230831_055535,0.0
20230907_185744,1925.0,20230831_060427,0.0
20230907_185744,1933.0,20230831_060427,0.0
20230907_185744,1936.0,20230831_060427,0.0
20231005_200808,169.0,20230815_055951,1.0
20231005_200808,174.0,20230831_055535,1.0
20231005_200808,177.0,20230831_055535,1.0
20231005_200808,180.0,20231005_200808,1.0
20231005_200808,181.0,20230831_060427,1.0
20231005_200808,182.0,20231005_200808,1.0
20231005_200808,185.0,20231005_200808,1.0
20231005_200808,188.0,20231005_200808,1.0
20231005_200808,189.0,20231005_200808,1.0
20231005_200808,194.0,20231005_200808,1.0
20231005_200808,195.0,20231005_200808,1.0
20231005_200808,197.0,20231005_200808,1.0
20231005_200808,198.0,20230831_060427,1.0
20231005_200808,216.0,20231005_200808,1.0
20231005_200808,218.0,20231005_200808,1.0
20231005_200808,229.0,20231005_200808,1.0
20231005_200808,1084.0,20230831_055535,1.0
20231005_200808,1085.0,20231005_200808,1.0
20231005_200808,1086.0,20231005_200808,1.0
20231005_200808,1087.0,20230831_060427,1.0
20231005_200808,1090.0,20231005_200808,1.0
20231005_200808,1144.0,20231005_200808,1.0
20231005_200808,1145.0,20231005_200808,1.0
20231005_200808,1146.0,20231005_200808,1.0
20231005_200808,1147.0,20231005_200808,1.0
20231005_200808,1148.0,20231005_200808,1.0
20231005_200808,1149.0,20230811_060839,1.0
20231005_200808,1150.0,20230902_054933,1.0
20231005_200808,1151.0,20231005_200808,1.0
20231005_200808,1152.0,20231005_200808,1.0
20231006_192754,743.0,20231006_192754,1.0
20231006_192754,744.0,20231006_192754,1.0
20231006_192754,745.0,20230831_060427,1.0
20231006_192754,746.0,20230831_060427,1.0
20231006_192754,747.0,20231006_192754,1.0
20231006_192754,749.0,20231006_192754,1.0
20231006_192754,751.0,20231006_192754,1.0
20231006_192754,752.0,20230831_060427,1.0
20231006_192754,753.0,20230831_060427,1.0
20231006_192754,754.0,20231006_192754,1.0
20231006_192754,755.0,20231006_192754,1.0
20231006_192754,756.0,20231006_192754,1.0
20231006_192754,762.0,20231006_192754,1.0
20231006_192754,766.0,20231006_192754,1.0
20231006_192754,850.0,20231006_192754,1.0
20231006_192754,851.0,20230815_055951,1.0
