input1_name,input1_frame,input2_name,input2_frame,y_true,y_hat,success
20230831_060427,181,20230831_060427,1500,1.0,0.00014264837955124676,0.0
20230811_060839,220,20230811_060839,222,1.0,0.8954000473022461,1.0
20230831_055535,1501,20230831_133234,158,0.0,0.018400678411126137,1.0
20230831_055535,307,20230831_133234,261,0.0,0.9145724773406982,0.0
20230831_060427,1598,20230831_060427,1565,1.0,0.007703975308686495,0.0
20230831_055535,1478,20230831_060427,231,0.0,0.000522257701959461,1.0
20230811_060839,158,20230831_133234,254,0.0,1.0,0.0
20230831_060427,219,20230831_060427,1498,1.0,0.9354054927825928,1.0
20230831_133234,177,20230831_133234,169,1.0,0.5302773118019104,1.0
20230831_133234,258,20230831_133234,256,1.0,0.8934946060180664,1.0
20230831_055535,211,20230831_060427,1566,0.0,0.7283229231834412,0.0
20230831_133234,249,20230831_133234,166,1.0,0.0007732773083262146,0.0
20230831_055535,1498,20230831_060427,206,0.0,0.9956502318382263,0.0
20230811_060839,214,20230831_060427,1560,0.0,0.07853078097105026,1.0
20230831_055535,293,20230831_055535,1482,1.0,0.569176435470581,1.0
20230831_133234,214,20230831_133234,245,1.0,0.3222697377204895,0.0
20230831_133234,248,20230831_133234,169,1.0,0.7301308512687683,1.0
20230811_060839,209,20230811_060839,168,1.0,0.9999929666519165,1.0
20230831_055535,191,20230831_133234,211,0.0,0.0002600083826109767,1.0
20230831_055535,194,20230811_060839,213,0.0,0.06447838991880417,1.0
20230831_133234,260,20230831_133234,167,1.0,0.7656456232070923,1.0
20230831_133234,213,20230831_060427,1634,0.0,0.07552763819694519,1.0
20230831_055535,1472,20230811_060839,201,0.0,0.7450183033943176,0.0
20230811_060839,201,20230811_060839,163,1.0,0.9999995231628418,1.0
20230831_055535,297,20230831_055535,302,1.0,0.06915947794914246,0.0
20230831_060427,1622,20230831_060427,1477,1.0,0.9724375605583191,1.0
20230831_055535,282,20230831_055535,187,1.0,0.00484546460211277,0.0
20230831_133234,217,20230831_060427,1573,0.0,0.8098723292350769,0.0
20230831_133234,207,20230831_060427,1565,0.0,1.176338493280582e-08,1.0
20230831_055535,309,20230831_060427,1521,0.0,0.0008258062298409641,1.0
20230831_055535,1481,20230831_060427,1576,0.0,0.16662472486495972,1.0
20230811_060839,184,20230811_060839,162,1.0,0.026282474398612976,0.0
20230811_060839,197,20230831_133234,257,0.0,0.9294466376304626,0.0
20230831_060427,1599,20230831_060427,1500,1.0,0.9866472482681274,1.0
20230831_060427,186,20230831_060427,1590,1.0,0.9967470169067383,1.0
20230831_133234,252,20230831_060427,1477,0.0,0.015734951943159103,1.0
20230811_060839,194,20230811_060839,159,1.0,0.9517940282821655,1.0
20230831_060427,183,20230831_060427,1626,1.0,0.004736804869025946,0.0
20230831_060427,180,20230831_060427,1517,1.0,3.401692083571106e-06,0.0
20230811_060839,163,20230831_133234,251,0.0,0.9999953508377075,0.0
20230831_055535,294,20230831_055535,1474,1.0,0.03015630505979061,0.0
20230811_060839,219,20230811_060839,175,1.0,0.9941575527191162,1.0
20230831_055535,1501,20230831_055535,200,1.0,0.9562535285949707,1.0
20230831_055535,301,20230811_060839,151,0.0,0.02212531492114067,1.0
20230831_055535,244,20230831_133234,171,0.0,0.002650435082614422,1.0
20230831_133234,211,20230831_133234,208,1.0,0.029538484290242195,0.0
20230811_060839,179,20230831_060427,209,0.0,0.9909539818763733,0.0
20230811_060839,198,20230831_060427,1636,0.0,0.27166932821273804,1.0
20230831_055535,316,20230811_060839,164,0.0,0.9890975952148438,0.0
20230831_133234,258,20230831_133234,159,1.0,0.6061638593673706,1.0
20230831_133234,246,20230831_060427,1632,0.0,0.42966124415397644,1.0
20230831_055535,282,20230831_055535,321,1.0,0.6327293515205383,1.0
20230831_055535,321,20230831_055535,286,1.0,0.17186790704727173,0.0
20230811_060839,219,20230811_060839,207,1.0,0.8106407523155212,1.0
20230831_133234,158,20230831_133234,169,1.0,0.11767031997442245,0.0
20230831_055535,195,20230831_055535,1493,1.0,0.6799240112304688,1.0
20230831_055535,200,20230831_055535,315,1.0,0.9462548494338989,1.0
20230811_060839,151,20230831_133234,248,0.0,0.9998729228973389,0.0
20230811_060839,191,20230831_133234,208,0.0,2.4437607862637378e-05,1.0
20230831_060427,1612,20230831_060427,1515,1.0,0.971958339214325,1.0
20230811_060839,208,20230811_060839,160,1.0,0.9996033310890198,1.0
20230831_055535,1477,20230831_133234,164,0.0,0.003448934992775321,1.0
20230811_060839,167,20230811_060839,172,1.0,0.38530558347702026,0.0
20230811_060839,205,20230831_060427,1555,0.0,4.1233903175452724e-05,1.0
20230811_060839,171,20230831_060427,1615,0.0,0.0001515845797257498,1.0
20230831_055535,183,20230811_060839,173,0.0,4.579649441893707e-07,1.0
20230811_060839,147,20230811_060839,210,1.0,0.004977012984454632,0.0
20230831_133234,215,20230831_133234,250,1.0,0.9991003274917603,1.0
20230831_060427,1602,20230831_060427,1517,1.0,0.9843205213546753,1.0
20230831_055535,1476,20230831_055535,1482,1.0,0.9272220134735107,1.0
