path,identity,species,background,source,augmented,split,quality
data/processed/mauritius/video/not_augmented/occ_roi/centre/20230805_132834/m--20230805_132834--f000532.jpg,20230805_132834,mauritius,green,video,False,test,88.4987437519517
data/processed/mauritius/video/not_augmented/occ_roi/centre/20230805_132834/m--20230805_132834--f000534.jpg,20230805_132834,mauritius,green,video,False,test,79.68584533613556
data/processed/mauritius/video/not_augmented/occ_roi/centre/20230805_132834/m--20230805_132834--f000536.jpg,20230805_132834,mauritius,green,video,False,test,102.4037378462887
data/processed/mauritius/video/not_augmented/occ_roi/centre/20230805_132834/m--20230805_132834--f000538.jpg,20230805_132834,mauritius,green,video,False,test,107.595862334989
data/processed/mauritius/video/not_augmented/occ_roi/centre/20230805_132834/m--20230805_132834--f000540.jpg,20230805_132834,mauritius,green,video,False,test,482.4552172013791
data/processed/mauritius/video/not_augmented/occ_roi/centre/20230805_132834/m--20230805_132834--f000542.jpg,20230805_132834,mauritius,green,video,False,test,1106.78029203117
data/processed/mauritius/video/not_augmented/occ_roi/centre/20230805_132834/m--20230805_132834--f000544.jpg,20230805_132834,mauritius,green,video,False,test,1677.1545353325046
data/processed/mauritius/video/not_augmented/occ_roi/centre/20230805_132834/m--20230805_132834--f000546.jpg,20230805_132834,mauritius,green,video,False,test,1909.492663979679
data/processed/mauritius/video/not_augmented/occ_roi/centre/20230805_132834/m--20230805_132834--f000548.jpg,20230805_132834,mauritius,green,video,False,test,2039.8358356165215
data/processed/mauritius/video/not_augmented/occ_roi/centre/20230805_132834/m--20230805_132834--f000550.jpg,20230805_132834,mauritius,green,video,False,test,1931.833167203214
data/processed/mauritius/video/not_augmented/occ_roi/centre/20230805_132834/m--20230805_132834--f000552.jpg,20230805_132834,mauritius,green,video,False,test,1877.0531918840677
data/processed/mauritius/video/not_augmented/occ_roi/centre/20230805_132834/m--20230805_132834--f000556.jpg,20230805_132834,mauritius,green,video,False,test,1743.5732355777152
data/processed/mauritius/video/not_augmented/occ_roi/centre/20230805_132834/m--20230805_132834--f000558.jpg,20230805_132834,mauritius,green,video,False,test,1789.8269454017875
data/processed/mauritius/video/not_augmented/occ_roi/centre/20230805_132834/m--20230805_132834--f000560.jpg,20230805_132834,mauritius,green,video,False,test,1564.0175564121278
data/processed/mauritius/video/not_augmented/occ_roi/centre/20230805_132834/m--20230805_132834--f000562.jpg,20230805_132834,mauritius,green,video,False,test,1440.679486142452
data/processed/mauritius/video/not_augmented/occ_roi/centre/20230805_132834/m--20230805_132834--f000566.jpg,20230805_132834,mauritius,green,video,False,test,1033.1625079576395
data/processed/mauritius/video/not_augmented/occ_roi/centre/20230805_132834/m--20230805_132834--f000568.jpg,20230805_132834,mauritius,green,video,False,test,933.7838407784192
data/processed/mauritius/video/not_augmented/occ_roi/centre/20230805_132834/m--20230805_132834--f000576.jpg,20230805_132834,mauritius,green,video,False,test,633.7936917519082
data/processed/mauritius/video/not_augmented/occ_roi/centre/20230805_132834/m--20230805_132834--f000578.jpg,20230805_132834,mauritius,green,video,False,test,575.3558672897422
data/processed/mauritius/video/not_augmented/occ_roi/centre/20230805_132834/m--20230805_132834--f000580.jpg,20230805_132834,mauritius,green,video,False,test,584.2915059744641
data/processed/mauritius/video/not_augmented/occ_roi/centre/20230805_132834/m--20230805_132834--f000582.jpg,20230805_132834,mauritius,green,video,False,test,652.0996082167683
data/processed/mauritius/video/not_augmented/occ_roi/centre/20230805_132834/m--20230805_132834--f000584.jpg,20230805_132834,mauritius,green,video,False,test,599.7511729912081
data/processed/mauritius/video/not_augmented/occ_roi/centre/20230807_122321/m--20230807_122321--f001164.jpg,20230807_122321,mauritius,green,video,False,train,1671.9957946875054
data/processed/mauritius/video/not_augmented/occ_roi/centre/20230807_122321/m--20230807_122321--f001166.jpg,20230807_122321,mauritius,green,video,False,train,1614.325932691416
data/processed/mauritius/video/not_augmented/occ_roi/centre/20230807_122321/m--20230807_122321--f001168.jpg,20230807_122321,mauritius,green,video,False,train,1579.1767777359917
data/processed/mauritius/video/not_augmented/occ_roi/centre/20230807_122321/m--20230807_122321--f001170.jpg,20230807_122321,mauritius,green,video,False,train,1494.92163578464
data/processed/mauritius/video/not_augmented/occ_roi/centre/20230807_122321/m--20230807_122321--f001172.jpg,20230807_122321,mauritius,green,video,False,train,1169.3775709466806
data/processed/mauritius/video/not_augmented/occ_roi/centre/20230807_122321/m--20230807_122321--f000288.jpg,20230807_122321,mauritius,green,video,False,train,293.86090945482545
data/processed/mauritius/video/not_augmented/occ_roi/centre/20230807_122321/m--20230807_122321--f000290.jpg,20230807_122321,mauritius,green,video,False,train,294.80082110333865
data/processed/mauritius/video/not_augmented/occ_roi/centre/20230807_122321/m--20230807_122321--f000298.jpg,20230807_122321,mauritius,green,video,False,train,433.454759207729
data/processed/mauritius/video/not_augmented/occ_roi/centre/20230807_122321/m--20230807_122321--f000300.jpg,20230807_122321,mauritius,green,video,False,train,356.96101720508864
data/processed/mauritius/video/not_augmented/occ_roi/centre/20230807_122321/m--20230807_122321--f000304.jpg,20230807_122321,mauritius,green,video,False,train,282.10399393497136
data/processed/mauritius/video/not_augmented/occ_roi/centre/20230807_122321/m--20230807_122321--f000308.jpg,20230807_122321,mauritius,green,video,False,train,931.5822900897608
data/processed/mauritius/video/not_augmented/occ_roi/centre/20230807_122321/m--20230807_122321--f000310.jpg,20230807_122321,mauritius,green,video,False,train,583.1637633421777
data/processed/mauritius/video/not_augmented/occ_roi/centre/20230807_123413/m--20230807_123413--f000182.jpg,20230807_123413,mauritius,green,video,False,train,213.12531887596225
data/processed/mauritius/video/not_augmented/occ_roi/centre/20230807_123413/m--20230807_123413--f000192.jpg,20230807_123413,mauritius,green,video,False,train,816.4557358000189
data/processed/mauritius/video/not_augmented/occ_roi/centre/20230807_123413/m--20230807_123413--f000194.jpg,20230807_123413,mauritius,green,video,False,train,220.0135522959184
data/processed/mauritius/video/not_augmented/occ_roi/centre/20230807_123413/m--20230807_123413--f000196.jpg,20230807_123413,mauritius,green,video,False,train,248.3623644516201
data/processed/mauritius/video/not_augmented/occ_roi/centre/20230807_123413/m--20230807_123413--f000198.jpg,20230807_123413,mauritius,green,video,False,train,1109.415377868309
data/processed/mauritius/video/not_augmented/occ_roi/centre/20230807_123413/m--20230807_123413--f000200.jpg,20230807_123413,mauritius,green,video,False,train,1938.305046211824
data/processed/mauritius/video/not_augmented/occ_roi/centre/20230807_123413/m--20230807_123413--f000202.jpg,20230807_123413,mauritius,green,video,False,train,1529.7704280895375
data/processed/mauritius/video/not_augmented/occ_roi/centre/20230809_185948/m--20230809_185948--f001144.jpg,20230809_185948,mauritius,green,video,False,test,307.629623722901
data/processed/mauritius/video/not_augmented/occ_roi/centre/20230809_185948/m--20230809_185948--f001146.jpg,20230809_185948,mauritius,green,video,False,test,365.3238002196396
data/processed/mauritius/video/not_augmented/occ_roi/centre/20230809_185948/m--20230809_185948--f001160.jpg,20230809_185948,mauritius,green,video,False,test,397.57033228645815
data/processed/mauritius/video/not_augmented/occ_roi/centre/20230809_185948/m--20230809_185948--f001168.jpg,20230809_185948,mauritius,green,video,False,test,283.09500549098743
data/processed/mauritius/video/not_augmented/occ_roi/centre/20230809_185948/m--20230809_185948--f001170.jpg,20230809_185948,mauritius,green,video,False,test,308.2208804913432
data/processed/mauritius/video/not_augmented/occ_roi/centre/20230809_185948/m--20230809_185948--f001176.jpg,20230809_185948,mauritius,green,video,False,test,406.8181798312128
data/processed/mauritius/video/not_augmented/occ_roi/centre/20230809_185948/m--20230809_185948--f001178.jpg,20230809_185948,mauritius,green,video,False,test,502.0776266104377
data/processed/mauritius/video/not_augmented/occ_roi/centre/20230809_185948/m--20230809_185948--f001180.jpg,20230809_185948,mauritius,green,video,False,test,404.50874917063305
data/processed/mauritius/video/not_augmented/occ_roi/centre/20230809_185948/m--20230809_185948--f001182.jpg,20230809_185948,mauritius,green,video,False,test,415.9424622423298
data/processed/mauritius/video/not_augmented/occ_roi/centre/20230809_185948/m--20230809_185948--f001184.jpg,20230809_185948,mauritius,green,video,False,test,374.698999432314
data/processed/mauritius/video/not_augmented/occ_roi/centre/20230809_185948/m--20230809_185948--f001186.jpg,20230809_185948,mauritius,green,video,False,test,392.7716438074203
data/processed/mauritius/video/not_augmented/occ_roi/centre/20230809_185948/m--20230809_185948--f001188.jpg,20230809_185948,mauritius,green,video,False,test,394.9795309652243
data/processed/mauritius/video/not_augmented/occ_roi/centre/20230809_185948/m--20230809_185948--f001190.jpg,20230809_185948,mauritius,green,video,False,test,413.18951289507817
data/processed/mauritius/video/not_augmented/occ_roi/centre/20230809_185948/m--20230809_185948--f001358.jpg,20230809_185948,mauritius,green,video,False,test,665.4368220738002
data/processed/mauritius/video/not_augmented/occ_roi/centre/20230809_185948/m--20230809_185948--f001360.jpg,20230809_185948,mauritius,green,video,False,test,741.9037985966535
data/processed/mauritius/video/not_augmented/occ_roi/centre/20230809_185948/m--20230809_185948--f001362.jpg,20230809_185948,mauritius,green,video,False,test,578.6907285780073
data/processed/mauritius/video/not_augmented/occ_roi/centre/20230809_185948/m--20230809_185948--f000184.jpg,20230809_185948,mauritius,green,video,False,test,325.69126659768267
data/processed/mauritius/video/not_augmented/occ_roi/centre/20230809_185948/m--20230809_185948--f000186.jpg,20230809_185948,mauritius,green,video,False,test,300.3358179209184
data/processed/mauritius/video/not_augmented/occ_roi/centre/20230809_185948/m--20230809_185948--f000188.jpg,20230809_185948,mauritius,green,video,False,test,229.3708413472428
data/processed/mauritius/video/not_augmented/occ_roi/centre/20230809_185948/m--20230809_185948--f000190.jpg,20230809_185948,mauritius,green,video,False,test,245.50404572675544
data/processed/mauritius/video/not_augmented/occ_roi/centre/20230809_185948/m--20230809_185948--f000192.jpg,20230809_185948,mauritius,green,video,False,test,222.909857292366
data/processed/mauritius/video/not_augmented/occ_roi/centre/20230809_185948/m--20230809_185948--f000194.jpg,20230809_185948,mauritius,green,video,False,test,265.9009885188193
data/processed/mauritius/video/not_augmented/occ_roi/centre/20230809_185948/m--20230809_185948--f000196.jpg,20230809_185948,mauritius,green,video,False,test,253.20682356547235
data/processed/mauritius/video/not_augmented/occ_roi/centre/20230809_185948/m--20230809_185948--f000198.jpg,20230809_185948,mauritius,green,video,False,test,303.2225360354003
data/processed/mauritius/video/not_augmented/occ_roi/centre/20230809_185948/m--20230809_185948--f000200.jpg,20230809_185948,mauritius,green,video,False,test,323.9017635501955
data/processed/mauritius/video/not_augmented/occ_roi/centre/20230809_185948/m--20230809_185948--f000202.jpg,20230809_185948,mauritius,green,video,False,test,268.2659835084584
data/processed/mauritius/video/not_augmented/occ_roi/centre/20230809_185948/m--20230809_185948--f000204.jpg,20230809_185948,mauritius,green,video,False,test,292.4546891621181
data/processed/mauritius/video/not_augmented/occ_roi/centre/20230809_185948/m--20230809_185948--f000208.jpg,20230809_185948,mauritius,green,video,False,test,315.53454548535075
data/processed/mauritius/video/not_augmented/occ_roi/centre/20230809_185948/m--20230809_185948--f000210.jpg,20230809_185948,mauritius,green,video,False,test,324.2265647461592
data/processed/mauritius/video/not_augmented/occ_roi/centre/20230809_185948/m--20230809_185948--f000212.jpg,20230809_185948,mauritius,green,video,False,test,334.53092377586
data/processed/mauritius/video/not_augmented/occ_roi/centre/20230809_185948/m--20230809_185948--f000214.jpg,20230809_185948,mauritius,green,video,False,test,315.2682557334407
data/processed/mauritius/video/not_augmented/occ_roi/centre/20230809_185948/m--20230809_185948--f000216.jpg,20230809_185948,mauritius,green,video,False,test,330.4408514518531
data/processed/mauritius/video/not_augmented/occ_roi/centre/20230809_185948/m--20230809_185948--f000218.jpg,20230809_185948,mauritius,green,video,False,test,311.0669044862435
data/processed/mauritius/video/not_augmented/occ_roi/centre/20230809_185948/m--20230809_185948--f000220.jpg,20230809_185948,mauritius,green,video,False,test,334.9035789937787
data/processed/mauritius/video/not_augmented/occ_roi/centre/20230809_185948/m--20230809_185948--f000222.jpg,20230809_185948,mauritius,green,video,False,test,348.4628102700942
data/processed/mauritius/video/not_augmented/occ_roi/centre/20230809_185948/m--20230809_185948--f000224.jpg,20230809_185948,mauritius,green,video,False,test,342.8488918750895
data/processed/mauritius/video/not_augmented/occ_roi/centre/20230809_185948/m--20230809_185948--f000226.jpg,20230809_185948,mauritius,green,video,False,test,380.9908084476158
data/processed/mauritius/video/not_augmented/occ_roi/centre/20230809_185948/m--20230809_185948--f000228.jpg,20230809_185948,mauritius,green,video,False,test,460.3112241323171
data/processed/mauritius/video/not_augmented/occ_roi/centre/20230809_185948/m--20230809_185948--f000230.jpg,20230809_185948,mauritius,green,video,False,test,579.0926139665515
data/processed/mauritius/video/not_augmented/occ_roi/centre/20230809_185948/m--20230809_185948--f000232.jpg,20230809_185948,mauritius,green,video,False,test,626.9737721927363
data/processed/mauritius/video/not_augmented/occ_roi/centre/20230809_185948/m--20230809_185948--f000234.jpg,20230809_185948,mauritius,green,video,False,test,575.8302574900478
data/processed/mauritius/video/not_augmented/occ_roi/centre/20230809_185948/m--20230809_185948--f000236.jpg,20230809_185948,mauritius,green,video,False,test,565.4409079144568
data/processed/mauritius/video/not_augmented/occ_roi/centre/20230809_185948/m--20230809_185948--f000238.jpg,20230809_185948,mauritius,green,video,False,test,524.5939492841703
data/processed/mauritius/video/not_augmented/occ_roi/centre/20230809_185948/m--20230809_185948--f000240.jpg,20230809_185948,mauritius,green,video,False,test,548.2527303568576
data/processed/mauritius/video/not_augmented/occ_roi/centre/20230809_185948/m--20230809_185948--f000242.jpg,20230809_185948,mauritius,green,video,False,test,514.8874361847699
data/processed/mauritius/video/not_augmented/occ_roi/centre/20230809_185948/m--20230809_185948--f000244.jpg,20230809_185948,mauritius,green,video,False,test,467.5485688936009
data/processed/mauritius/video/not_augmented/occ_roi/centre/20230809_185948/m--20230809_185948--f000246.jpg,20230809_185948,mauritius,green,video,False,test,472.1723730360553
data/processed/mauritius/video/not_augmented/occ_roi/centre/20230809_185948/m--20230809_185948--f000248.jpg,20230809_185948,mauritius,green,video,False,test,446.5129942204842
data/processed/mauritius/video/not_augmented/occ_roi/centre/20230809_185948/m--20230809_185948--f000250.jpg,20230809_185948,mauritius,green,video,False,test,437.9159357769199
data/processed/mauritius/video/not_augmented/occ_roi/centre/20230809_185948/m--20230809_185948--f000252.jpg,20230809_185948,mauritius,green,video,False,test,402.2692721615926
data/processed/mauritius/video/not_augmented/occ_roi/centre/20230809_185948/m--20230809_185948--f000254.jpg,20230809_185948,mauritius,green,video,False,test,364.4420838632071
data/processed/mauritius/video/not_augmented/occ_roi/centre/20230809_185948/m--20230809_185948--f000256.jpg,20230809_185948,mauritius,green,video,False,test,377.40959794577935
data/processed/mauritius/video/not_augmented/occ_roi/centre/20230809_185948/m--20230809_185948--f000258.jpg,20230809_185948,mauritius,green,video,False,test,374.3896882967967
data/processed/mauritius/video/not_augmented/occ_roi/centre/20230809_185948/m--20230809_185948--f000260.jpg,20230809_185948,mauritius,green,video,False,test,350.5072142471129
data/processed/mauritius/video/not_augmented/occ_roi/centre/20230809_185948/m--20230809_185948--f000264.jpg,20230809_185948,mauritius,green,video,False,test,353.24663182369426
data/processed/mauritius/video/not_augmented/occ_roi/centre/20230815_055951/m--20230815_055951--f001048.jpg,20230815_055951,mauritius,green,video,False,val,803.9172487334378
data/processed/mauritius/video/not_augmented/occ_roi/centre/20230815_055951/m--20230815_055951--f001050.jpg,20230815_055951,mauritius,green,video,False,val,769.5755159297818
data/processed/mauritius/video/not_augmented/occ_roi/centre/20230815_055951/m--20230815_055951--f001052.jpg,20230815_055951,mauritius,green,video,False,val,652.5869538741329
data/processed/mauritius/video/not_augmented/occ_roi/centre/20230815_055951/m--20230815_055951--f001054.jpg,20230815_055951,mauritius,green,video,False,val,710.1981424985454
data/processed/mauritius/video/not_augmented/occ_roi/centre/20230815_055951/m--20230815_055951--f001200.jpg,20230815_055951,mauritius,green,video,False,val,760.4532643337639
data/processed/mauritius/video/not_augmented/occ_roi/centre/20230815_055951/m--20230815_055951--f001202.jpg,20230815_055951,mauritius,green,video,False,val,436.6965082892275
data/processed/mauritius/video/not_augmented/occ_roi/centre/20230815_055951/m--20230815_055951--f001204.jpg,20230815_055951,mauritius,green,video,False,val,880.728615254772
data/processed/mauritius/video/not_augmented/occ_roi/centre/20230815_055951/m--20230815_055951--f001206.jpg,20230815_055951,mauritius,green,video,False,val,688.0818917311414
data/processed/mauritius/video/not_augmented/occ_roi/centre/20230815_055951/m--20230815_055951--f001208.jpg,20230815_055951,mauritius,green,video,False,val,704.6420997514768
data/processed/mauritius/video/not_augmented/occ_roi/centre/20230815_055951/m--20230815_055951--f001210.jpg,20230815_055951,mauritius,green,video,False,val,623.4407684805989
data/processed/mauritius/video/not_augmented/occ_roi/centre/20230815_055951/m--20230815_055951--f001212.jpg,20230815_055951,mauritius,green,video,False,val,290.5898636794497
data/processed/mauritius/video/not_augmented/occ_roi/centre/20230815_055951/m--20230815_055951--f000162.jpg,20230815_055951,mauritius,green,video,False,val,466.4823022895632
data/processed/mauritius/video/not_augmented/occ_roi/centre/20230815_055951/m--20230815_055951--f000168.jpg,20230815_055951,mauritius,green,video,False,val,372.2917530257619
data/processed/mauritius/video/not_augmented/occ_roi/centre/20230815_055951/m--20230815_055951--f000170.jpg,20230815_055951,mauritius,green,video,False,val,298.5297436469895
data/processed/mauritius/video/not_augmented/occ_roi/centre/20230815_055951/m--20230815_055951--f000172.jpg,20230815_055951,mauritius,green,video,False,val,259.2307876021304
data/processed/mauritius/video/not_augmented/occ_roi/centre/20230815_055951/m--20230815_055951--f000174.jpg,20230815_055951,mauritius,green,video,False,val,272.8179408446395
data/processed/mauritius/video/not_augmented/occ_roi/centre/20230815_055951/m--20230815_055951--f000176.jpg,20230815_055951,mauritius,green,video,False,val,291.0015943861663
data/processed/mauritius/video/not_augmented/occ_roi/centre/20230815_055951/m--20230815_055951--f000178.jpg,20230815_055951,mauritius,green,video,False,val,259.38859214131304
data/processed/mauritius/video/not_augmented/occ_roi/centre/20230815_055951/m--20230815_055951--f000184.jpg,20230815_055951,mauritius,green,video,False,val,225.0545877613956
data/processed/mauritius/video/not_augmented/occ_roi/centre/20230815_055951/m--20230815_055951--f000186.jpg,20230815_055951,mauritius,green,video,False,val,202.11009231561025
data/processed/mauritius/video/not_augmented/occ_roi/centre/20230815_055951/m--20230815_055951--f000188.jpg,20230815_055951,mauritius,green,video,False,val,213.6914859550886
data/processed/mauritius/video/not_augmented/occ_roi/centre/20230815_055951/m--20230815_055951--f000190.jpg,20230815_055951,mauritius,green,video,False,val,232.15160633573333
data/processed/mauritius/video/not_augmented/occ_roi/centre/20230815_055951/m--20230815_055951--f000192.jpg,20230815_055951,mauritius,green,video,False,val,245.3611088931089
data/processed/mauritius/video/not_augmented/occ_roi/centre/20230815_055951/m--20230815_055951--f000194.jpg,20230815_055951,mauritius,green,video,False,val,246.4919483275376
data/processed/mauritius/video/not_augmented/occ_roi/centre/20230815_055951/m--20230815_055951--f000196.jpg,20230815_055951,mauritius,green,video,False,val,237.22692123088976
data/processed/mauritius/video/not_augmented/occ_roi/centre/20230815_055951/m--20230815_055951--f000198.jpg,20230815_055951,mauritius,green,video,False,val,234.19760438433693
data/processed/mauritius/video/not_augmented/occ_roi/centre/20230815_055951/m--20230815_055951--f000200.jpg,20230815_055951,mauritius,green,video,False,val,238.61631056131395
data/processed/mauritius/video/not_augmented/occ_roi/centre/20230815_055951/m--20230815_055951--f000202.jpg,20230815_055951,mauritius,green,video,False,val,237.8520607362435
data/processed/mauritius/video/not_augmented/occ_roi/centre/20230815_055951/m--20230815_055951--f000206.jpg,20230815_055951,mauritius,green,video,False,val,234.54609770379628
data/processed/mauritius/video/not_augmented/occ_roi/centre/20230815_055951/m--20230815_055951--f000208.jpg,20230815_055951,mauritius,green,video,False,val,235.57732780612244
data/processed/mauritius/video/not_augmented/occ_roi/centre/20230815_055951/m--20230815_055951--f000210.jpg,20230815_055951,mauritius,green,video,False,val,199.98800222578768
data/processed/mauritius/video/not_augmented/occ_roi/centre/20230815_055951/m--20230815_055951--f000212.jpg,20230815_055951,mauritius,green,video,False,val,179.1673509211701
data/processed/mauritius/video/not_augmented/occ_roi/centre/20230815_055951/m--20230815_055951--f000214.jpg,20230815_055951,mauritius,green,video,False,val,145.6468431122449
data/processed/mauritius/video/not_augmented/occ_roi/centre/20230815_055951/m--20230815_055951--f000216.jpg,20230815_055951,mauritius,green,video,False,val,131.33179209024794
data/processed/mauritius/video/not_augmented/occ_roi/centre/20230828_205214/m--20230828_205214--f001226.jpg,20230828_205214,mauritius,green,video,False,train,341.371372761502
data/processed/mauritius/video/not_augmented/occ_roi/centre/20230828_205214/m--20230828_205214--f001228.jpg,20230828_205214,mauritius,green,video,False,train,331.4279535711433
data/processed/mauritius/video/not_augmented/occ_roi/centre/20230828_205214/m--20230828_205214--f001230.jpg,20230828_205214,mauritius,green,video,False,train,332.4115712687355
data/processed/mauritius/video/not_augmented/occ_roi/centre/20230828_205214/m--20230828_205214--f001232.jpg,20230828_205214,mauritius,green,video,False,train,322.9114317538489
data/processed/mauritius/video/not_augmented/occ_roi/centre/20230828_205214/m--20230828_205214--f001234.jpg,20230828_205214,mauritius,green,video,False,train,606.6831147330149
data/processed/mauritius/video/not_augmented/occ_roi/centre/20230828_205214/m--20230828_205214--f001416.jpg,20230828_205214,mauritius,green,video,False,train,518.8343231502249
data/processed/mauritius/video/not_augmented/occ_roi/centre/20230828_205214/m--20230828_205214--f001418.jpg,20230828_205214,mauritius,green,video,False,train,404.4638871109918
data/processed/mauritius/video/not_augmented/occ_roi/centre/20230828_205214/m--20230828_205214--f001420.jpg,20230828_205214,mauritius,green,video,False,train,419.3236607079306
data/processed/mauritius/video/not_augmented/occ_roi/centre/20230828_205214/m--20230828_205214--f001422.jpg,20230828_205214,mauritius,green,video,False,train,458.0640943877551
data/processed/mauritius/video/not_augmented/occ_roi/centre/20230828_205214/m--20230828_205214--f001424.jpg,20230828_205214,mauritius,green,video,False,train,412.8089126132519
data/processed/mauritius/video/not_augmented/occ_roi/centre/20230828_205214/m--20230828_205214--f001426.jpg,20230828_205214,mauritius,green,video,False,train,346.97877466494907
data/processed/mauritius/video/not_augmented/occ_roi/centre/20230828_205214/m--20230828_205214--f001428.jpg,20230828_205214,mauritius,green,video,False,train,285.7957389093548
data/processed/mauritius/video/not_augmented/occ_roi/centre/20230828_205214/m--20230828_205214--f001430.jpg,20230828_205214,mauritius,green,video,False,train,286.76401061527133
data/processed/mauritius/video/not_augmented/occ_roi/centre/20230828_205214/m--20230828_205214--f001432.jpg,20230828_205214,mauritius,green,video,False,train,389.7543446049498
data/processed/mauritius/video/not_augmented/occ_roi/centre/20230828_205214/m--20230828_205214--f001492.jpg,20230828_205214,mauritius,green,video,False,train,2113.522778238569
data/processed/mauritius/video/not_augmented/occ_roi/centre/20230828_205214/m--20230828_205214--f001494.jpg,20230828_205214,mauritius,green,video,False,train,2275.4898546747936
data/processed/mauritius/video/not_augmented/occ_roi/centre/20230828_205214/m--20230828_205214--f001496.jpg,20230828_205214,mauritius,green,video,False,train,1943.159398787124
data/processed/mauritius/video/not_augmented/occ_roi/centre/20230828_205214/m--20230828_205214--f001498.jpg,20230828_205214,mauritius,green,video,False,train,1358.9331140037575
data/processed/mauritius/video/not_augmented/occ_roi/centre/20230828_205214/m--20230828_205214--f001500.jpg,20230828_205214,mauritius,green,video,False,train,1046.05488678417
data/processed/mauritius/video/not_augmented/occ_roi/centre/20230828_205214/m--20230828_205214--f001502.jpg,20230828_205214,mauritius,green,video,False,train,535.2395766419901
data/processed/mauritius/video/not_augmented/occ_roi/centre/20230828_205214/m--20230828_205214--f000234.jpg,20230828_205214,mauritius,green,video,False,train,267.93524792689874
data/processed/mauritius/video/not_augmented/occ_roi/centre/20230831_054710/m--20230831_054710--f000222.jpg,20230831_054710,mauritius,green,video,False,train,341.21821177934225
data/processed/mauritius/video/not_augmented/occ_roi/centre/20230831_054710/m--20230831_054710--f000224.jpg,20230831_054710,mauritius,green,video,False,train,489.4311216085068
data/processed/mauritius/video/not_augmented/occ_roi/centre/20230831_054710/m--20230831_054710--f000228.jpg,20230831_054710,mauritius,green,video,False,train,394.149553514232
data/processed/mauritius/video/not_augmented/occ_roi/centre/20230831_054710/m--20230831_054710--f000230.jpg,20230831_054710,mauritius,green,video,False,train,382.15878084231184
data/processed/mauritius/video/not_augmented/occ_roi/centre/20230831_054710/m--20230831_054710--f000232.jpg,20230831_054710,mauritius,green,video,False,train,405.1118055261805
data/processed/mauritius/video/not_augmented/occ_roi/centre/20230831_054710/m--20230831_054710--f000234.jpg,20230831_054710,mauritius,green,video,False,train,538.5852786135247
data/processed/mauritius/video/not_augmented/occ_roi/centre/20230831_054710/m--20230831_054710--f000236.jpg,20230831_054710,mauritius,green,video,False,train,433.27365618455127
data/processed/mauritius/video/not_augmented/occ_roi/centre/20230831_054710/m--20230831_054710--f000238.jpg,20230831_054710,mauritius,green,video,False,train,471.0254098204264
data/processed/mauritius/video/not_augmented/occ_roi/centre/20230831_054710/m--20230831_054710--f000242.jpg,20230831_054710,mauritius,green,video,False,train,472.5320865944096
data/processed/mauritius/video/not_augmented/occ_roi/centre/20230831_054710/m--20230831_054710--f000244.jpg,20230831_054710,mauritius,green,video,False,train,383.22576467060446
data/processed/mauritius/video/not_augmented/occ_roi/centre/20230831_054710/m--20230831_054710--f000246.jpg,20230831_054710,mauritius,green,video,False,train,439.24912251317966
data/processed/mauritius/video/not_augmented/occ_roi/centre/20230831_054710/m--20230831_054710--f000248.jpg,20230831_054710,mauritius,green,video,False,train,377.5860967465313
data/processed/mauritius/video/not_augmented/occ_roi/centre/20230831_054710/m--20230831_054710--f000250.jpg,20230831_054710,mauritius,green,video,False,train,338.9989829736668
data/processed/mauritius/video/not_augmented/occ_roi/centre/20230831_054710/m--20230831_054710--f000252.jpg,20230831_054710,mauritius,green,video,False,train,324.776187412146
data/processed/mauritius/video/not_augmented/occ_roi/centre/20230831_054710/m--20230831_054710--f000254.jpg,20230831_054710,mauritius,green,video,False,train,331.3858598755182
data/processed/mauritius/video/not_augmented/occ_roi/centre/20230831_054710/m--20230831_054710--f000256.jpg,20230831_054710,mauritius,green,video,False,train,358.9390742827435
data/processed/mauritius/video/not_augmented/occ_roi/centre/20230831_054710/m--20230831_054710--f000258.jpg,20230831_054710,mauritius,green,video,False,train,420.26337232315655
data/processed/mauritius/video/not_augmented/occ_roi/centre/20230831_054710/m--20230831_054710--f000260.jpg,20230831_054710,mauritius,green,video,False,train,458.5619811884615
data/processed/mauritius/video/not_augmented/occ_roi/centre/20230831_054710/m--20230831_054710--f000262.jpg,20230831_054710,mauritius,green,video,False,train,447.0803368313022
data/processed/mauritius/video/not_augmented/occ_roi/centre/20230831_054710/m--20230831_054710--f000264.jpg,20230831_054710,mauritius,green,video,False,train,534.5655855415563
data/processed/mauritius/video/not_augmented/occ_roi/centre/20230831_054710/m--20230831_054710--f000266.jpg,20230831_054710,mauritius,green,video,False,train,575.3671465662806
data/processed/mauritius/video/not_augmented/occ_roi/centre/20230831_054710/m--20230831_054710--f000268.jpg,20230831_054710,mauritius,green,video,False,train,684.5531120089776
data/processed/mauritius/video/not_augmented/occ_roi/centre/20230831_054710/m--20230831_054710--f000270.jpg,20230831_054710,mauritius,green,video,False,train,612.5621009438995
data/processed/mauritius/video/not_augmented/occ_roi/centre/20230831_054710/m--20230831_054710--f000272.jpg,20230831_054710,mauritius,green,video,False,train,733.9764426921319
data/processed/mauritius/video/not_augmented/occ_roi/centre/20230831_054710/m--20230831_054710--f000274.jpg,20230831_054710,mauritius,green,video,False,train,897.3448455978165
data/processed/mauritius/video/not_augmented/occ_roi/centre/20230831_054710/m--20230831_054710--f000276.jpg,20230831_054710,mauritius,green,video,False,train,736.4978264451573
data/processed/mauritius/video/not_augmented/occ_roi/centre/20230831_054710/m--20230831_054710--f000278.jpg,20230831_054710,mauritius,green,video,False,train,841.5816320795062
data/processed/mauritius/video/not_augmented/occ_roi/centre/20230831_054710/m--20230831_054710--f000280.jpg,20230831_054710,mauritius,green,video,False,train,796.7900130253242
data/processed/mauritius/video/not_augmented/occ_roi/centre/20230831_054710/m--20230831_054710--f000282.jpg,20230831_054710,mauritius,green,video,False,train,715.2100976437938
data/processed/mauritius/video/not_augmented/occ_roi/centre/20230831_054710/m--20230831_054710--f000284.jpg,20230831_054710,mauritius,green,video,False,train,547.4066209928138
data/processed/mauritius/video/not_augmented/occ_roi/centre/20230831_054710/m--20230831_054710--f000286.jpg,20230831_054710,mauritius,green,video,False,train,527.8070694086502
data/processed/mauritius/video/not_augmented/occ_roi/centre/20230831_054710/m--20230831_054710--f000288.jpg,20230831_054710,mauritius,green,video,False,train,509.7059527440451
data/processed/mauritius/video/not_augmented/occ_roi/centre/20230831_054710/m--20230831_054710--f000294.jpg,20230831_054710,mauritius,green,video,False,train,123.66326530612244
data/processed/mauritius/video/not_augmented/occ_roi/centre/20230831_055535/m--20230831_055535--f001480.jpg,20230831_055535,mauritius,green,video,False,train,589.8354990370121
data/processed/mauritius/video/not_augmented/occ_roi/centre/20230831_055535/m--20230831_055535--f001482.jpg,20230831_055535,mauritius,green,video,False,train,430.8808991568429
data/processed/mauritius/video/not_augmented/occ_roi/centre/20230831_055535/m--20230831_055535--f001484.jpg,20230831_055535,mauritius,green,video,False,train,679.286710763762
data/processed/mauritius/video/not_augmented/occ_roi/centre/20230831_055535/m--20230831_055535--f001486.jpg,20230831_055535,mauritius,green,video,False,train,553.3940728599457
data/processed/mauritius/video/not_augmented/occ_roi/centre/20230831_055535/m--20230831_055535--f001488.jpg,20230831_055535,mauritius,green,video,False,train,702.7148834810015
data/processed/mauritius/video/not_augmented/occ_roi/centre/20230831_055535/m--20230831_055535--f001490.jpg,20230831_055535,mauritius,green,video,False,train,720.9927652173119
data/processed/mauritius/video/not_augmented/occ_roi/centre/20230831_055535/m--20230831_055535--f001492.jpg,20230831_055535,mauritius,green,video,False,train,285.39654367797226
data/processed/mauritius/video/not_augmented/occ_roi/centre/20230831_055535/m--20230831_055535--f001494.jpg,20230831_055535,mauritius,green,video,False,train,257.9638665833606
data/processed/mauritius/video/not_augmented/occ_roi/centre/20230831_055535/m--20230831_055535--f001496.jpg,20230831_055535,mauritius,green,video,False,train,207.102658466417
data/processed/mauritius/video/not_augmented/occ_roi/centre/20230831_055535/m--20230831_055535--f001498.jpg,20230831_055535,mauritius,green,video,False,train,209.3085738165783
data/processed/mauritius/video/not_augmented/occ_roi/centre/20230831_055535/m--20230831_055535--f001500.jpg,20230831_055535,mauritius,green,video,False,train,328.117007644809
data/processed/mauritius/video/not_augmented/occ_roi/centre/20230831_055535/m--20230831_055535--f001502.jpg,20230831_055535,mauritius,green,video,False,train,359.2597058318844
data/processed/mauritius/video/not_augmented/occ_roi/centre/20230831_055535/m--20230831_055535--f001504.jpg,20230831_055535,mauritius,green,video,False,train,317.2296913965997
data/processed/mauritius/video/not_augmented/occ_roi/centre/20230831_055535/m--20230831_055535--f001654.jpg,20230831_055535,mauritius,green,video,False,train,741.0487683159965
data/processed/mauritius/video/not_augmented/occ_roi/centre/20230831_055535/m--20230831_055535--f001656.jpg,20230831_055535,mauritius,green,video,False,train,967.1616310443744
data/processed/mauritius/video/not_augmented/occ_roi/centre/20230831_055535/m--20230831_055535--f001658.jpg,20230831_055535,mauritius,green,video,False,train,1076.1930204528117
data/processed/mauritius/video/not_augmented/occ_roi/centre/20230831_055535/m--20230831_055535--f001660.jpg,20230831_055535,mauritius,green,video,False,train,667.4859095946396
data/processed/mauritius/video/not_augmented/occ_roi/centre/20230831_055535/m--20230831_055535--f001662.jpg,20230831_055535,mauritius,green,video,False,train,480.0183553409696
data/processed/mauritius/video/not_augmented/occ_roi/centre/20230831_055535/m--20230831_055535--f001664.jpg,20230831_055535,mauritius,green,video,False,train,397.3588366840145
data/processed/mauritius/video/not_augmented/occ_roi/centre/20230831_055535/m--20230831_055535--f001762.jpg,20230831_055535,mauritius,green,video,False,train,442.9063894894658
data/processed/mauritius/video/not_augmented/occ_roi/centre/20230831_055535/m--20230831_055535--f001764.jpg,20230831_055535,mauritius,green,video,False,train,616.6665138707764
data/processed/mauritius/video/not_augmented/occ_roi/centre/20230831_055535/m--20230831_055535--f001766.jpg,20230831_055535,mauritius,green,video,False,train,598.7601241700007
data/processed/mauritius/video/not_augmented/occ_roi/centre/20230831_055535/m--20230831_055535--f001768.jpg,20230831_055535,mauritius,green,video,False,train,498.9159956756904
data/processed/mauritius/video/not_augmented/occ_roi/centre/20230831_055535/m--20230831_055535--f001770.jpg,20230831_055535,mauritius,green,video,False,train,472.9295479239449
data/processed/mauritius/video/not_augmented/occ_roi/centre/20230831_055535/m--20230831_055535--f001774.jpg,20230831_055535,mauritius,green,video,False,train,422.1463644384394
data/processed/mauritius/video/not_augmented/occ_roi/centre/20230831_055535/m--20230831_055535--f001776.jpg,20230831_055535,mauritius,green,video,False,train,439.3866190527042
data/processed/mauritius/video/not_augmented/occ_roi/centre/20230831_055535/m--20230831_055535--f000202.jpg,20230831_055535,mauritius,green,video,False,train,545.2483059308371
data/processed/mauritius/video/not_augmented/occ_roi/centre/20230831_055535/m--20230831_055535--f000204.jpg,20230831_055535,mauritius,green,video,False,train,514.1176627404192
data/processed/mauritius/video/not_augmented/occ_roi/centre/20230831_055535/m--20230831_055535--f000206.jpg,20230831_055535,mauritius,green,video,False,train,478.94736453981415
data/processed/mauritius/video/not_augmented/occ_roi/centre/20230831_055535/m--20230831_055535--f000292.jpg,20230831_055535,mauritius,green,video,False,train,474.94467455265385
data/processed/mauritius/video/not_augmented/occ_roi/centre/20230831_055535/m--20230831_055535--f000294.jpg,20230831_055535,mauritius,green,video,False,train,214.32268400839695
data/processed/mauritius/video/not_augmented/occ_roi/centre/20230831_135124/m--20230831_135124--f001040.jpg,20230831_135124,mauritius,green,video,False,train,3758.772361129386
data/processed/mauritius/video/not_augmented/occ_roi/centre/20230831_135124/m--20230831_135124--f001042.jpg,20230831_135124,mauritius,green,video,False,train,3508.371492321519
data/processed/mauritius/video/not_augmented/occ_roi/centre/20230831_135124/m--20230831_135124--f001044.jpg,20230831_135124,mauritius,green,video,False,train,2625.423907575882
data/processed/mauritius/video/not_augmented/occ_roi/centre/20230831_135124/m--20230831_135124--f001046.jpg,20230831_135124,mauritius,green,video,False,train,2541.0769690545785
data/processed/mauritius/video/not_augmented/occ_roi/centre/20230831_135124/m--20230831_135124--f001048.jpg,20230831_135124,mauritius,green,video,False,train,2682.337591645123
data/processed/mauritius/video/not_augmented/occ_roi/centre/20230831_135124/m--20230831_135124--f001052.jpg,20230831_135124,mauritius,green,video,False,train,2702.2417091264765
data/processed/mauritius/video/not_augmented/occ_roi/centre/20230831_135124/m--20230831_135124--f001054.jpg,20230831_135124,mauritius,green,video,False,train,2823.732720822307
data/processed/mauritius/video/not_augmented/occ_roi/centre/20230831_135124/m--20230831_135124--f001062.jpg,20230831_135124,mauritius,green,video,False,train,3950.411511478003
data/processed/mauritius/video/not_augmented/occ_roi/centre/20230831_135124/m--20230831_135124--f001064.jpg,20230831_135124,mauritius,green,video,False,train,3806.15345980713
data/processed/mauritius/video/not_augmented/occ_roi/centre/20230831_135124/m--20230831_135124--f001066.jpg,20230831_135124,mauritius,green,video,False,train,3954.953961975721
data/processed/mauritius/video/not_augmented/occ_roi/centre/20230831_135124/m--20230831_135124--f001068.jpg,20230831_135124,mauritius,green,video,False,train,3836.174166865271
data/processed/mauritius/video/not_augmented/occ_roi/centre/20230831_135124/m--20230831_135124--f001070.jpg,20230831_135124,mauritius,green,video,False,train,2482.499381926496
data/processed/mauritius/video/not_augmented/occ_roi/centre/20230831_135124/m--20230831_135124--f001072.jpg,20230831_135124,mauritius,green,video,False,train,3024.2224568228376
data/processed/mauritius/video/not_augmented/occ_roi/centre/20230831_135124/m--20230831_135124--f001074.jpg,20230831_135124,mauritius,green,video,False,train,3898.2135479282406
data/processed/mauritius/video/not_augmented/occ_roi/centre/20230831_135124/m--20230831_135124--f001076.jpg,20230831_135124,mauritius,green,video,False,train,3894.956532622119
data/processed/mauritius/video/not_augmented/occ_roi/centre/20230831_135124/m--20230831_135124--f001078.jpg,20230831_135124,mauritius,green,video,False,train,3760.635423277776
data/processed/mauritius/video/not_augmented/occ_roi/centre/20230831_135124/m--20230831_135124--f001080.jpg,20230831_135124,mauritius,green,video,False,train,3608.046097001548
data/processed/mauritius/video/not_augmented/occ_roi/centre/20230831_135124/m--20230831_135124--f001082.jpg,20230831_135124,mauritius,green,video,False,train,3756.8454639414167
data/processed/mauritius/video/not_augmented/occ_roi/centre/20230831_135124/m--20230831_135124--f001084.jpg,20230831_135124,mauritius,green,video,False,train,3613.990134658639
data/processed/mauritius/video/not_augmented/occ_roi/centre/20230831_135124/m--20230831_135124--f000150.jpg,20230831_135124,mauritius,green,video,False,train,565.1045117106154
data/processed/mauritius/video/not_augmented/occ_roi/centre/20230831_135124/m--20230831_135124--f000152.jpg,20230831_135124,mauritius,green,video,False,train,707.6198372159686
data/processed/mauritius/video/not_augmented/occ_roi/centre/20230831_135124/m--20230831_135124--f000154.jpg,20230831_135124,mauritius,green,video,False,train,1068.2141454010298
data/processed/mauritius/video/not_augmented/occ_roi/centre/20230831_135124/m--20230831_135124--f000156.jpg,20230831_135124,mauritius,green,video,False,train,1297.616586242701
data/processed/mauritius/video/not_augmented/occ_roi/centre/20230831_135124/m--20230831_135124--f000186.jpg,20230831_135124,mauritius,green,video,False,train,2978.888827499078
data/processed/mauritius/video/not_augmented/occ_roi/centre/20230831_135124/m--20230831_135124--f000188.jpg,20230831_135124,mauritius,green,video,False,train,2976.305462158009
data/processed/mauritius/video/not_augmented/occ_roi/centre/20230831_135124/m--20230831_135124--f000190.jpg,20230831_135124,mauritius,green,video,False,train,2758.3240965001537
data/processed/mauritius/video/not_augmented/occ_roi/centre/20230831_135124/m--20230831_135124--f000192.jpg,20230831_135124,mauritius,green,video,False,train,2799.8358557215333
data/processed/mauritius/video/not_augmented/occ_roi/centre/20230831_135124/m--20230831_135124--f000194.jpg,20230831_135124,mauritius,green,video,False,train,2442.627547803098
data/processed/mauritius/video/not_augmented/occ_roi/centre/20230831_135124/m--20230831_135124--f000196.jpg,20230831_135124,mauritius,green,video,False,train,2176.153499603272
data/processed/mauritius/video/not_augmented/occ_roi/centre/20230831_135124/m--20230831_135124--f000198.jpg,20230831_135124,mauritius,green,video,False,train,1972.1107501590416
data/processed/mauritius/video/not_augmented/occ_roi/centre/20230831_135124/m--20230831_135124--f000200.jpg,20230831_135124,mauritius,green,video,False,train,1835.3236806246705
data/processed/mauritius/video/not_augmented/occ_roi/centre/20230831_135124/m--20230831_135124--f000202.jpg,20230831_135124,mauritius,green,video,False,train,1467.322239488922
data/processed/mauritius/video/not_augmented/occ_roi/centre/20230831_135124/m--20230831_135124--f000204.jpg,20230831_135124,mauritius,green,video,False,train,1119.6983019754518
data/processed/mauritius/video/not_augmented/occ_roi/centre/20230831_135124/m--20230831_135124--f000206.jpg,20230831_135124,mauritius,green,video,False,train,934.1759803196828
data/processed/mauritius/video/not_augmented/occ_roi/centre/20230831_135124/m--20230831_135124--f000208.jpg,20230831_135124,mauritius,green,video,False,train,606.1016420906953
data/processed/mauritius/video/not_augmented/occ_roi/centre/20230831_135124/m--20230831_135124--f000210.jpg,20230831_135124,mauritius,green,video,False,train,303.97550621771506
data/processed/mauritius/video/not_augmented/occ_roi/centre/20230831_135124/m--20230831_135124--f000212.jpg,20230831_135124,mauritius,green,video,False,train,230.2869499298693
data/processed/mauritius/video/not_augmented/occ_roi/centre/20230831_135124/m--20230831_135124--f000214.jpg,20230831_135124,mauritius,green,video,False,train,180.2002150834674
data/processed/mauritius/video/not_augmented/occ_roi/centre/20230902_052035/m--20230902_052035--f001408.jpg,20230902_052035,mauritius,green,video,False,train,849.4318398980487
data/processed/mauritius/video/not_augmented/occ_roi/centre/20230902_052035/m--20230902_052035--f001410.jpg,20230902_052035,mauritius,green,video,False,train,922.6679488102232
data/processed/mauritius/video/not_augmented/occ_roi/centre/20230902_052035/m--20230902_052035--f001412.jpg,20230902_052035,mauritius,green,video,False,train,741.8585179685206
data/processed/mauritius/video/not_augmented/occ_roi/centre/20230902_052035/m--20230902_052035--f001414.jpg,20230902_052035,mauritius,green,video,False,train,708.1323540813473
data/processed/mauritius/video/not_augmented/occ_roi/centre/20230902_052035/m--20230902_052035--f001416.jpg,20230902_052035,mauritius,green,video,False,train,797.1460458786474
data/processed/mauritius/video/not_augmented/occ_roi/centre/20230902_052035/m--20230902_052035--f001418.jpg,20230902_052035,mauritius,green,video,False,train,656.8111846285134
data/processed/mauritius/video/not_augmented/occ_roi/centre/20230902_052035/m--20230902_052035--f001420.jpg,20230902_052035,mauritius,green,video,False,train,474.3294003815118
data/processed/mauritius/video/not_augmented/occ_roi/centre/20230902_052035/m--20230902_052035--f001424.jpg,20230902_052035,mauritius,green,video,False,train,564.1625476393884
data/processed/mauritius/video/not_augmented/occ_roi/centre/20230902_052035/m--20230902_052035--f001654.jpg,20230902_052035,mauritius,green,video,False,train,288.54294870536256
data/processed/mauritius/video/not_augmented/occ_roi/centre/20230902_052035/m--20230902_052035--f001656.jpg,20230902_052035,mauritius,green,video,False,train,230.2556600765306
data/processed/mauritius/video/not_augmented/occ_roi/centre/20230902_052035/m--20230902_052035--f001658.jpg,20230902_052035,mauritius,green,video,False,train,368.817123722901
data/processed/mauritius/video/not_augmented/occ_roi/centre/20230902_052035/m--20230902_052035--f001660.jpg,20230902_052035,mauritius,green,video,False,train,233.1763592056313
data/processed/mauritius/video/not_augmented/occ_roi/centre/20230902_052035/m--20230902_052035--f001662.jpg,20230902_052035,mauritius,green,video,False,train,214.87159199259867
data/processed/mauritius/video/not_augmented/occ_roi/centre/20230902_052035/m--20230902_052035--f000222.jpg,20230902_052035,mauritius,green,video,False,train,551.9689491062252
data/processed/mauritius/video/not_augmented/occ_roi/centre/20230902_052035/m--20230902_052035--f000224.jpg,20230902_052035,mauritius,green,video,False,train,565.5327843086565
data/processed/mauritius/video/not_augmented/occ_roi/centre/20230902_052035/m--20230902_052035--f000226.jpg,20230902_052035,mauritius,green,video,False,train,584.9613550731113
data/processed/mauritius/video/not_augmented/occ_roi/centre/20230902_052035/m--20230902_052035--f000228.jpg,20230902_052035,mauritius,green,video,False,train,608.9617346684569
data/processed/mauritius/video/not_augmented/occ_roi/centre/20230902_052035/m--20230902_052035--f000230.jpg,20230902_052035,mauritius,green,video,False,train,609.8249332868074
data/processed/mauritius/video/not_augmented/occ_roi/centre/20230902_052035/m--20230902_052035--f000232.jpg,20230902_052035,mauritius,green,video,False,train,579.9079838645106
data/processed/mauritius/video/not_augmented/occ_roi/centre/20230902_052035/m--20230902_052035--f000234.jpg,20230902_052035,mauritius,green,video,False,train,526.0847217471636
data/processed/mauritius/video/not_augmented/occ_roi/centre/20230902_052035/m--20230902_052035--f000236.jpg,20230902_052035,mauritius,green,video,False,train,524.545041396885
data/processed/mauritius/video/not_augmented/occ_roi/centre/20230902_052035/m--20230902_052035--f000238.jpg,20230902_052035,mauritius,green,video,False,train,500.1852479237212
data/processed/mauritius/video/not_augmented/occ_roi/centre/20230902_052035/m--20230902_052035--f000240.jpg,20230902_052035,mauritius,green,video,False,train,516.6548549043591
data/processed/mauritius/video/not_augmented/occ_roi/centre/20230902_052035/m--20230902_052035--f000242.jpg,20230902_052035,mauritius,green,video,False,train,490.6162506538051
data/processed/mauritius/video/not_augmented/occ_roi/centre/20230902_052035/m--20230902_052035--f000244.jpg,20230902_052035,mauritius,green,video,False,train,487.942482436314
data/processed/mauritius/video/not_augmented/occ_roi/centre/20230902_052035/m--20230902_052035--f000246.jpg,20230902_052035,mauritius,green,video,False,train,491.5878108801916
data/processed/mauritius/video/not_augmented/occ_roi/centre/20230902_052035/m--20230902_052035--f000248.jpg,20230902_052035,mauritius,green,video,False,train,451.1335097963935
data/processed/mauritius/video/not_augmented/occ_roi/centre/20230902_052035/m--20230902_052035--f000250.jpg,20230902_052035,mauritius,green,video,False,train,467.03431919483984
data/processed/mauritius/video/not_augmented/occ_roi/centre/20230902_052035/m--20230902_052035--f000252.jpg,20230902_052035,mauritius,green,video,False,train,439.0893255596804
data/processed/mauritius/video/not_augmented/occ_roi/centre/20230902_052035/m--20230902_052035--f000254.jpg,20230902_052035,mauritius,green,video,False,train,409.1861325795827
data/processed/mauritius/video/not_augmented/occ_roi/centre/20230902_052035/m--20230902_052035--f000256.jpg,20230902_052035,mauritius,green,video,False,train,373.86084973082257
data/processed/mauritius/video/not_augmented/occ_roi/centre/20230902_052035/m--20230902_052035--f000258.jpg,20230902_052035,mauritius,green,video,False,train,339.8824730249109
data/processed/mauritius/video/not_augmented/occ_roi/centre/20230902_052035/m--20230902_052035--f000260.jpg,20230902_052035,mauritius,green,video,False,train,311.81216116042884
data/processed/mauritius/video/not_augmented/occ_roi/centre/20230902_052035/m--20230902_052035--f000262.jpg,20230902_052035,mauritius,green,video,False,train,310.59205596261296
data/processed/mauritius/video/not_augmented/occ_roi/centre/20230902_052035/m--20230902_052035--f000264.jpg,20230902_052035,mauritius,green,video,False,train,302.51534490811736
data/processed/mauritius/video/not_augmented/occ_roi/centre/20230902_052035/m--20230902_052035--f000266.jpg,20230902_052035,mauritius,green,video,False,train,294.4643837870384
data/processed/mauritius/video/not_augmented/occ_roi/centre/20230902_052035/m--20230902_052035--f000268.jpg,20230902_052035,mauritius,green,video,False,train,300.5623203831283
data/processed/mauritius/video/not_augmented/occ_roi/centre/20230902_052035/m--20230902_052035--f000270.jpg,20230902_052035,mauritius,green,video,False,train,301.3287428248579
data/processed/mauritius/video/not_augmented/occ_roi/centre/20230902_052035/m--20230902_052035--f000272.jpg,20230902_052035,mauritius,green,video,False,train,288.32415892828607
data/processed/mauritius/video/not_augmented/occ_roi/centre/20230902_052035/m--20230902_052035--f000274.jpg,20230902_052035,mauritius,green,video,False,train,271.8179207261232
data/processed/mauritius/video/not_augmented/occ_roi/centre/20230902_052035/m--20230902_052035--f000276.jpg,20230902_052035,mauritius,green,video,False,train,287.97283513205394
data/processed/mauritius/video/not_augmented/occ_roi/centre/20230902_052035/m--20230902_052035--f000278.jpg,20230902_052035,mauritius,green,video,False,train,289.5294363358675
data/processed/mauritius/video/not_augmented/occ_roi/centre/20230902_052035/m--20230902_052035--f000280.jpg,20230902_052035,mauritius,green,video,False,train,243.0018136061415
data/processed/mauritius/video/not_augmented/occ_roi/centre/20230902_052035/m--20230902_052035--f000282.jpg,20230902_052035,mauritius,green,video,False,train,273.19571108263966
data/processed/mauritius/video/not_augmented/occ_roi/centre/20230902_052035/m--20230902_052035--f000284.jpg,20230902_052035,mauritius,green,video,False,train,265.68445071395564
data/processed/mauritius/video/not_augmented/occ_roi/centre/20230902_052035/m--20230902_052035--f000286.jpg,20230902_052035,mauritius,green,video,False,train,285.0331630365196
data/processed/mauritius/video/not_augmented/occ_roi/centre/20230902_052035/m--20230902_052035--f000288.jpg,20230902_052035,mauritius,green,video,False,train,399.7521324264959
data/processed/mauritius/video/not_augmented/occ_roi/centre/20230902_052035/m--20230902_052035--f000290.jpg,20230902_052035,mauritius,green,video,False,train,498.2155412942457
data/processed/mauritius/video/not_augmented/occ_roi/centre/20230902_052035/m--20230902_052035--f000292.jpg,20230902_052035,mauritius,green,video,False,train,524.7103595022656
data/processed/mauritius/video/not_augmented/occ_roi/centre/20230902_052035/m--20230902_052035--f000294.jpg,20230902_052035,mauritius,green,video,False,train,566.5471937758681
data/processed/mauritius/video/not_augmented/occ_roi/centre/20230902_052035/m--20230902_052035--f000296.jpg,20230902_052035,mauritius,green,video,False,train,836.4417250878312
data/processed/mauritius/video/not_augmented/occ_roi/centre/20230902_052035/m--20230902_052035--f000298.jpg,20230902_052035,mauritius,green,video,False,train,1005.7001746819944
data/processed/mauritius/video/not_augmented/occ_roi/centre/20230902_052035/m--20230902_052035--f000300.jpg,20230902_052035,mauritius,green,video,False,train,1317.9581870222428
data/processed/mauritius/video/not_augmented/occ_roi/centre/20230902_052035/m--20230902_052035--f000302.jpg,20230902_052035,mauritius,green,video,False,train,1297.9790338010205
data/processed/mauritius/video/not_augmented/occ_roi/centre/20230902_052035/m--20230902_052035--f000304.jpg,20230902_052035,mauritius,green,video,False,train,1371.580476493152
data/processed/mauritius/video/not_augmented/occ_roi/centre/20230902_052035/m--20230902_052035--f000306.jpg,20230902_052035,mauritius,green,video,False,train,1675.4330948361353
data/processed/mauritius/video/not_augmented/occ_roi/centre/20230902_052035/m--20230902_052035--f000308.jpg,20230902_052035,mauritius,green,video,False,train,1717.907744356812
data/processed/mauritius/video/not_augmented/occ_roi/centre/20230902_052035/m--20230902_052035--f000310.jpg,20230902_052035,mauritius,green,video,False,train,1705.3235011166305
data/processed/mauritius/video/not_augmented/occ_roi/centre/20230902_052035/m--20230902_052035--f000312.jpg,20230902_052035,mauritius,green,video,False,train,1262.4429209167786
data/processed/mauritius/video/not_augmented/occ_roi/centre/20230902_052035/m--20230902_052035--f000314.jpg,20230902_052035,mauritius,green,video,False,train,994.461037129772
data/processed/mauritius/video/not_augmented/occ_roi/centre/20230902_052035/m--20230902_052035--f000316.jpg,20230902_052035,mauritius,green,video,False,train,420.3038703441025
data/processed/mauritius/video/not_augmented/occ_roi/centre/20230902_052035/m--20230902_052035--f000318.jpg,20230902_052035,mauritius,green,video,False,train,207.4903937883548
data/processed/mauritius/video/not_augmented/occ_roi/centre/20230902_052035/m--20230902_052035--f000320.jpg,20230902_052035,mauritius,green,video,False,train,139.33962427343442
data/processed/mauritius/video/not_augmented/occ_roi/centre/20230902_052035/m--20230902_052035--f000322.jpg,20230902_052035,mauritius,green,video,False,train,118.23473354500068
data/processed/mauritius/video/not_augmented/occ_roi/centre/20230902_052035/m--20230902_052035--f000324.jpg,20230902_052035,mauritius,green,video,False,train,95.30771626317964
data/processed/mauritius/video/not_augmented/occ_roi/centre/20230902_052035/m--20230902_052035--f000326.jpg,20230902_052035,mauritius,green,video,False,train,89.5155053811985
data/processed/mauritius/video/not_augmented/occ_roi/centre/20230902_053329/m--20230902_053329--f001198.jpg,20230902_053329,mauritius,green,video,False,train,281.0791012284558
data/processed/mauritius/video/not_augmented/occ_roi/centre/20230902_053329/m--20230902_053329--f001200.jpg,20230902_053329,mauritius,green,video,False,train,402.9077646540682
data/processed/mauritius/video/not_augmented/occ_roi/centre/20230902_053329/m--20230902_053329--f001202.jpg,20230902_053329,mauritius,green,video,False,train,475.4835773993909
data/processed/mauritius/video/not_augmented/occ_roi/centre/20230902_053329/m--20230902_053329--f001204.jpg,20230902_053329,mauritius,green,video,False,train,918.239017919916
data/processed/mauritius/video/not_augmented/occ_roi/centre/20230902_053329/m--20230902_053329--f001206.jpg,20230902_053329,mauritius,green,video,False,train,784.5181557088532
data/processed/mauritius/video/not_augmented/occ_roi/centre/20230902_053329/m--20230902_053329--f001208.jpg,20230902_053329,mauritius,green,video,False,train,1099.7931081918018
data/processed/mauritius/video/not_augmented/occ_roi/centre/20230902_053329/m--20230902_053329--f001210.jpg,20230902_053329,mauritius,green,video,False,train,824.0166812497147
data/processed/mauritius/video/not_augmented/occ_roi/centre/20230902_053329/m--20230902_053329--f001212.jpg,20230902_053329,mauritius,green,video,False,train,462.23397609165727
data/processed/mauritius/video/not_augmented/occ_roi/centre/20230902_053329/m--20230902_053329--f001214.jpg,20230902_053329,mauritius,green,video,False,train,416.95079311853846
data/processed/mauritius/video/not_augmented/occ_roi/centre/20230902_053329/m--20230902_053329--f001216.jpg,20230902_053329,mauritius,green,video,False,train,363.54917483665406
data/processed/mauritius/video/not_augmented/occ_roi/centre/20230902_053329/m--20230902_053329--f001470.jpg,20230902_053329,mauritius,green,video,False,train,920.8282047193876
data/processed/mauritius/video/not_augmented/occ_roi/centre/20230902_053329/m--20230902_053329--f000220.jpg,20230902_053329,mauritius,green,video,False,train,592.8446263397102
data/processed/mauritius/video/not_augmented/occ_roi/centre/20230902_053329/m--20230902_053329--f000222.jpg,20230902_053329,mauritius,green,video,False,train,621.1100922059834
data/processed/mauritius/video/not_augmented/occ_roi/centre/20230902_053329/m--20230902_053329--f000224.jpg,20230902_053329,mauritius,green,video,False,train,616.8640186221636
data/processed/mauritius/video/not_augmented/occ_roi/centre/20230902_053329/m--20230902_053329--f000226.jpg,20230902_053329,mauritius,green,video,False,train,593.435227997449
data/processed/mauritius/video/not_augmented/occ_roi/centre/20230902_053329/m--20230902_053329--f000228.jpg,20230902_053329,mauritius,green,video,False,train,594.2039819639556
data/processed/mauritius/video/not_augmented/occ_roi/centre/20230902_053329/m--20230902_053329--f000230.jpg,20230902_053329,mauritius,green,video,False,train,588.0245137053795
data/processed/mauritius/video/not_augmented/occ_roi/centre/20230902_053329/m--20230902_053329--f000232.jpg,20230902_053329,mauritius,green,video,False,train,599.4208784059703
data/processed/mauritius/video/not_augmented/occ_roi/centre/20230902_053329/m--20230902_053329--f000234.jpg,20230902_053329,mauritius,green,video,False,train,594.5525550028027
data/processed/mauritius/video/not_augmented/occ_roi/centre/20230902_053329/m--20230902_053329--f000236.jpg,20230902_053329,mauritius,green,video,False,train,566.4410074242746
data/processed/mauritius/video/not_augmented/occ_roi/centre/20230902_053329/m--20230902_053329--f000238.jpg,20230902_053329,mauritius,green,video,False,train,539.9499959659695
data/processed/mauritius/video/not_augmented/occ_roi/centre/20230902_053329/m--20230902_053329--f000240.jpg,20230902_053329,mauritius,green,video,False,train,506.6311583223069
data/processed/mauritius/video/not_augmented/occ_roi/centre/20230902_053329/m--20230902_053329--f000242.jpg,20230902_053329,mauritius,green,video,False,train,503.2559190497504
data/processed/mauritius/video/not_augmented/occ_roi/centre/20230902_053329/m--20230902_053329--f000244.jpg,20230902_053329,mauritius,green,video,False,train,475.90776465406816
data/processed/mauritius/video/not_augmented/occ_roi/centre/20230902_053329/m--20230902_053329--f000246.jpg,20230902_053329,mauritius,green,video,False,train,512.3324497573229
data/processed/mauritius/video/not_augmented/occ_roi/centre/20230902_053329/m--20230902_053329--f000248.jpg,20230902_053329,mauritius,green,video,False,train,589.9403100412918
data/processed/mauritius/video/not_augmented/occ_roi/centre/20230902_053329/m--20230902_053329--f000250.jpg,20230902_053329,mauritius,green,video,False,train,637.8539740015497
data/processed/mauritius/video/not_augmented/occ_roi/centre/20230902_053329/m--20230902_053329--f000252.jpg,20230902_053329,mauritius,green,video,False,train,658.3177413396267
data/processed/mauritius/video/not_augmented/occ_roi/centre/20230902_053329/m--20230902_053329--f000254.jpg,20230902_053329,mauritius,green,video,False,train,648.1103116833434
data/processed/mauritius/video/not_augmented/occ_roi/centre/20230902_053329/m--20230902_053329--f000256.jpg,20230902_053329,mauritius,green,video,False,train,1174.655911182672
data/processed/mauritius/video/not_augmented/occ_roi/centre/20230902_053329/m--20230902_053329--f000258.jpg,20230902_053329,mauritius,green,video,False,train,481.449896363207
data/processed/mauritius/video/not_augmented/occ_roi/centre/20230902_053329/m--20230902_053329--f000260.jpg,20230902_053329,mauritius,green,video,False,train,422.699956134874
data/processed/mauritius/video/not_augmented/occ_roi/centre/20230902_053329/m--20230902_053329--f000262.jpg,20230902_053329,mauritius,green,video,False,train,430.7478668386864
data/processed/mauritius/video/not_augmented/occ_roi/centre/20230902_053329/m--20230902_053329--f000264.jpg,20230902_053329,mauritius,green,video,False,train,357.3800621795337
data/processed/mauritius/video/not_augmented/occ_roi/centre/20230902_053329/m--20230902_053329--f000266.jpg,20230902_053329,mauritius,green,video,False,train,424.609335133951
data/processed/mauritius/video/not_augmented/occ_roi/centre/20230902_053329/m--20230902_053329--f000268.jpg,20230902_053329,mauritius,green,video,False,train,450.3428327122712
data/processed/mauritius/video/not_augmented/occ_roi/centre/20230902_053329/m--20230902_053329--f000270.jpg,20230902_053329,mauritius,green,video,False,train,577.3256935443743
data/processed/mauritius/video/not_augmented/occ_roi/centre/20230902_053329/m--20230902_053329--f000272.jpg,20230902_053329,mauritius,green,video,False,train,704.3938336731842
data/processed/mauritius/video/not_augmented/occ_roi/centre/20230902_053329/m--20230902_053329--f000274.jpg,20230902_053329,mauritius,green,video,False,train,833.6112682206688
data/processed/mauritius/video/not_augmented/occ_roi/centre/20230902_053329/m--20230902_053329--f000276.jpg,20230902_053329,mauritius,green,video,False,train,754.8146324455613
data/processed/mauritius/video/not_augmented/occ_roi/centre/20230902_053329/m--20230902_053329--f000278.jpg,20230902_053329,mauritius,green,video,False,train,770.4406090545338
data/processed/mauritius/video/not_augmented/occ_roi/centre/20230902_053329/m--20230902_053329--f000280.jpg,20230902_053329,mauritius,green,video,False,train,619.8934549095728
data/processed/mauritius/video/not_augmented/occ_roi/centre/20230902_053329/m--20230902_053329--f000286.jpg,20230902_053329,mauritius,green,video,False,train,357.9724569515306
data/processed/mauritius/video/not_augmented/occ_roi/centre/20230902_053329/m--20230902_053329--f000288.jpg,20230902_053329,mauritius,green,video,False,train,198.86732700853136
data/processed/mauritius/video/not_augmented/occ_roi/centre/20230902_053329/m--20230902_053329--f000290.jpg,20230902_053329,mauritius,green,video,False,train,72.76153934920444
data/processed/mauritius/video/not_augmented/occ_roi/centre/20230905_193930/m--20230905_193930--f001014.jpg,20230905_193930,mauritius,green,video,False,val,317.8512436208602
data/processed/mauritius/video/not_augmented/occ_roi/centre/20230905_193930/m--20230905_193930--f001016.jpg,20230905_193930,mauritius,green,video,False,val,319.72413105708466
data/processed/mauritius/video/not_augmented/occ_roi/centre/20230905_193930/m--20230905_193930--f001046.jpg,20230905_193930,mauritius,green,video,False,val,1103.033382378832
data/processed/mauritius/video/not_augmented/occ_roi/centre/20230905_193930/m--20230905_193930--f001048.jpg,20230905_193930,mauritius,green,video,False,val,1381.9763615746042
data/processed/mauritius/video/not_augmented/occ_roi/centre/20230905_193930/m--20230905_193930--f001050.jpg,20230905_193930,mauritius,green,video,False,val,1322.9403286083498
data/processed/mauritius/video/not_augmented/occ_roi/centre/20230905_193930/m--20230905_193930--f001052.jpg,20230905_193930,mauritius,green,video,False,val,590.7142856999865
data/processed/mauritius/video/not_augmented/occ_roi/centre/20230905_193930/m--20230905_193930--f001054.jpg,20230905_193930,mauritius,green,video,False,val,1280.360610382004
data/processed/mauritius/video/not_augmented/occ_roi/centre/20230905_193930/m--20230905_193930--f001056.jpg,20230905_193930,mauritius,green,video,False,val,762.3696388231124
data/processed/mauritius/video/not_augmented/occ_roi/centre/20230905_193930/m--20230905_193930--f001058.jpg,20230905_193930,mauritius,green,video,False,val,890.4661390148864
data/processed/mauritius/video/not_augmented/occ_roi/centre/20230905_193930/m--20230905_193930--f001060.jpg,20230905_193930,mauritius,green,video,False,val,738.1673708482367
data/processed/mauritius/video/not_augmented/occ_roi/centre/20230905_193930/m--20230905_193930--f001062.jpg,20230905_193930,mauritius,green,video,False,val,853.1562496885962
data/processed/mauritius/video/not_augmented/occ_roi/centre/20230905_193930/m--20230905_193930--f001292.jpg,20230905_193930,mauritius,green,video,False,val,652.0766501913265
data/processed/mauritius/video/not_augmented/occ_roi/centre/20230905_193930/m--20230905_193930--f001294.jpg,20230905_193930,mauritius,green,video,False,val,263.29693477961087
data/processed/mauritius/video/not_augmented/occ_roi/centre/20230905_193930/m--20230905_193930--f000200.jpg,20230905_193930,mauritius,green,video,False,val,749.4843547805951
data/processed/mauritius/video/not_augmented/occ_roi/centre/20230905_193930/m--20230905_193930--f000202.jpg,20230905_193930,mauritius,green,video,False,val,991.475047830044
data/processed/mauritius/video/not_augmented/occ_roi/centre/20230905_193930/m--20230905_193930--f000204.jpg,20230905_193930,mauritius,green,video,False,val,861.7310666056883
data/processed/mauritius/video/not_augmented/occ_roi/centre/20230905_193930/m--20230905_193930--f000206.jpg,20230905_193930,mauritius,green,video,False,val,860.6377750124249
data/processed/mauritius/video/not_augmented/occ_roi/centre/20230905_193930/m--20230905_193930--f000208.jpg,20230905_193930,mauritius,green,video,False,val,1029.0704317676775
data/processed/mauritius/video/not_augmented/occ_roi/centre/20230905_193930/m--20230905_193930--f000210.jpg,20230905_193930,mauritius,green,video,False,val,1141.0796197285906
data/processed/mauritius/video/not_augmented/occ_roi/centre/20230905_193930/m--20230905_193930--f000212.jpg,20230905_193930,mauritius,green,video,False,val,1136.5586535391435
data/processed/mauritius/video/not_augmented/occ_roi/centre/20230905_193930/m--20230905_193930--f000214.jpg,20230905_193930,mauritius,green,video,False,val,1107.7271603175573
data/processed/mauritius/video/not_augmented/occ_roi/centre/20230905_193930/m--20230905_193930--f000216.jpg,20230905_193930,mauritius,green,video,False,val,1124.9626314221994
data/processed/mauritius/video/not_augmented/occ_roi/centre/20230905_193930/m--20230905_193930--f000218.jpg,20230905_193930,mauritius,green,video,False,val,932.7755299238104
data/processed/mauritius/video/not_augmented/occ_roi/centre/20230905_193930/m--20230905_193930--f000220.jpg,20230905_193930,mauritius,green,video,False,val,828.7208822453731
data/processed/mauritius/video/not_augmented/occ_roi/centre/20230905_193930/m--20230905_193930--f000222.jpg,20230905_193930,mauritius,green,video,False,val,938.6144969670886
data/processed/mauritius/video/not_augmented/occ_roi/centre/20230905_193930/m--20230905_193930--f000224.jpg,20230905_193930,mauritius,green,video,False,val,960.5196107008812
data/processed/mauritius/video/not_augmented/occ_roi/centre/20230905_193930/m--20230905_193930--f000226.jpg,20230905_193930,mauritius,green,video,False,val,951.1629463888517
data/processed/mauritius/video/not_augmented/occ_roi/centre/20230905_193930/m--20230905_193930--f000228.jpg,20230905_193930,mauritius,green,video,False,val,1141.2979511974356
data/processed/mauritius/video/not_augmented/occ_roi/centre/20230905_193930/m--20230905_193930--f000230.jpg,20230905_193930,mauritius,green,video,False,val,1134.957489521689
data/processed/mauritius/video/not_augmented/occ_roi/centre/20230905_193930/m--20230905_193930--f000232.jpg,20230905_193930,mauritius,green,video,False,val,270.3600923156103
data/processed/mauritius/video/not_augmented/occ_roi/centre/20230905_193930/m--20230905_193930--f000234.jpg,20230905_193930,mauritius,green,video,False,val,398.9643454716534
data/processed/mauritius/video/not_augmented/occ_roi/centre/20230905_193930/m--20230905_193930--f000236.jpg,20230905_193930,mauritius,green,video,False,val,435.5196705106793
data/processed/mauritius/video/not_augmented/occ_roi/centre/20230905_193930/m--20230905_193930--f000238.jpg,20230905_193930,mauritius,green,video,False,val,380.4055921716623
data/processed/mauritius/video/not_augmented/occ_roi/centre/20230905_193930/m--20230905_193930--f000240.jpg,20230905_193930,mauritius,green,video,False,val,224.2287348433864
data/processed/mauritius/video/not_augmented/occ_roi/centre/20230905_193930/m--20230905_193930--f000242.jpg,20230905_193930,mauritius,green,video,False,val,94.13470581599644
data/processed/mauritius/video/not_augmented/occ_roi/centre/20230905_193930/m--20230905_193930--f000244.jpg,20230905_193930,mauritius,green,video,False,val,72.98292008900037
data/processed/mauritius/video/not_augmented/occ_roi/centre/20230907_195130/m--20230907_195130--f000152.jpg,20230907_195130,mauritius,green,video,False,train,459.0027503172888
data/processed/mauritius/video/not_augmented/occ_roi/centre/20230907_195130/m--20230907_195130--f000160.jpg,20230907_195130,mauritius,green,video,False,train,611.4682916131233
data/processed/mauritius/video/not_augmented/occ_roi/centre/20230907_195130/m--20230907_195130--f000162.jpg,20230907_195130,mauritius,green,video,False,train,665.539760041068
data/processed/mauritius/video/not_augmented/occ_roi/centre/20230907_195130/m--20230907_195130--f000164.jpg,20230907_195130,mauritius,green,video,False,train,672.7336575191549
data/processed/mauritius/video/not_augmented/occ_roi/centre/20230907_195130/m--20230907_195130--f000166.jpg,20230907_195130,mauritius,green,video,False,train,649.580573501412
data/processed/mauritius/video/not_augmented/occ_roi/centre/20230907_195130/m--20230907_195130--f000168.jpg,20230907_195130,mauritius,green,video,False,train,712.7338767502519
data/processed/mauritius/video/not_augmented/occ_roi/centre/20230907_195130/m--20230907_195130--f000170.jpg,20230907_195130,mauritius,green,video,False,train,712.8310746030479
data/processed/mauritius/video/not_augmented/occ_roi/centre/20230907_195130/m--20230907_195130--f000172.jpg,20230907_195130,mauritius,green,video,False,train,705.6792091693744
data/processed/mauritius/video/not_augmented/occ_roi/centre/20230907_195130/m--20230907_195130--f000174.jpg,20230907_195130,mauritius,green,video,False,train,700.2437808947581
data/processed/mauritius/video/not_augmented/occ_roi/centre/20230907_195130/m--20230907_195130--f000176.jpg,20230907_195130,mauritius,green,video,False,train,798.1627669705791
data/processed/mauritius/video/not_augmented/occ_roi/centre/20230907_195130/m--20230907_195130--f000178.jpg,20230907_195130,mauritius,green,video,False,train,738.6455236098905
data/processed/mauritius/video/not_augmented/occ_roi/centre/20230907_195130/m--20230907_195130--f000180.jpg,20230907_195130,mauritius,green,video,False,train,806.0125159375225
data/processed/mauritius/video/not_augmented/occ_roi/centre/20230907_195130/m--20230907_195130--f000182.jpg,20230907_195130,mauritius,green,video,False,train,827.592454550019
data/processed/mauritius/video/not_augmented/occ_roi/centre/20230907_195130/m--20230907_195130--f000184.jpg,20230907_195130,mauritius,green,video,False,train,798.0567402261736
data/processed/mauritius/video/not_augmented/occ_roi/centre/20230907_195130/m--20230907_195130--f000186.jpg,20230907_195130,mauritius,green,video,False,train,792.913384870905
data/processed/mauritius/video/not_augmented/occ_roi/centre/20230907_195130/m--20230907_195130--f000188.jpg,20230907_195130,mauritius,green,video,False,train,762.7109374428032
data/processed/mauritius/video/not_augmented/occ_roi/centre/20230907_195130/m--20230907_195130--f000190.jpg,20230907_195130,mauritius,green,video,False,train,684.7998842920973
data/processed/mauritius/video/not_augmented/occ_roi/centre/20230907_195130/m--20230907_195130--f000192.jpg,20230907_195130,mauritius,green,video,False,train,625.2910156186448
data/processed/mauritius/video/not_augmented/occ_roi/centre/20230907_195130/m--20230907_195130--f001936.jpg,20230907_195130,mauritius,green,video,False,train,336.01987002522486
data/processed/mauritius/video/not_augmented/occ_roi/centre/20230907_195130/m--20230907_195130--f001938.jpg,20230907_195130,mauritius,green,video,False,train,382.7922313357334
data/processed/mauritius/video/not_augmented/occ_roi/centre/20230907_195130/m--20230907_195130--f000194.jpg,20230907_195130,mauritius,green,video,False,train,545.4620535571294
data/processed/mauritius/video/not_augmented/occ_roi/centre/20230907_195130/m--20230907_195130--f001940.jpg,20230907_195130,mauritius,green,video,False,train,478.13171634848845
data/processed/mauritius/video/not_augmented/occ_roi/centre/20230907_195130/m--20230907_195130--f001942.jpg,20230907_195130,mauritius,green,video,False,train,485.9310426279088
data/processed/mauritius/video/not_augmented/occ_roi/centre/20230907_195130/m--20230907_195130--f001944.jpg,20230907_195130,mauritius,green,video,False,train,453.24190845672223
data/processed/mauritius/video/not_augmented/occ_roi/centre/20230907_195130/m--20230907_195130--f001948.jpg,20230907_195130,mauritius,green,video,False,train,565.7617586096939
data/processed/mauritius/video/not_augmented/occ_roi/centre/20230907_195130/m--20230907_195130--f000196.jpg,20230907_195130,mauritius,green,video,False,train,495.6337890525702
data/processed/mauritius/video/not_augmented/occ_roi/centre/20230907_195130/m--20230907_195130--f000198.jpg,20230907_195130,mauritius,green,video,False,train,451.6672907777252
data/processed/mauritius/video/not_augmented/occ_roi/centre/20230907_195130/m--20230907_195130--f000200.jpg,20230907_195130,mauritius,green,video,False,train,421.2284159753681
data/processed/mauritius/video/not_augmented/occ_roi/centre/20230907_195130/m--20230907_195130--f000202.jpg,20230907_195130,mauritius,green,video,False,train,410.5939692247416
data/processed/mauritius/video/not_augmented/occ_roi/centre/20230907_195130/m--20230907_195130--f000204.jpg,20230907_195130,mauritius,green,video,False,train,391.8757573198845
data/processed/mauritius/video/not_augmented/occ_roi/centre/20230907_195130/m--20230907_195130--f000206.jpg,20230907_195130,mauritius,green,video,False,train,368.2347337229458
data/processed/mauritius/video/not_augmented/occ_roi/centre/20230907_195130/m--20230907_195130--f000208.jpg,20230907_195130,mauritius,green,video,False,train,342.4003108484156
data/processed/mauritius/video/not_augmented/occ_roi/centre/20230907_195130/m--20230907_195130--f000210.jpg,20230907_195130,mauritius,green,video,False,train,321.22163977974503
data/processed/mauritius/video/not_augmented/occ_roi/centre/20230907_195130/m--20230907_195130--f000212.jpg,20230907_195130,mauritius,green,video,False,train,312.9092992185206
data/processed/mauritius/video/not_augmented/occ_roi/centre/20230907_195130/m--20230907_195130--f000214.jpg,20230907_195130,mauritius,green,video,False,train,296.9542011974355
data/processed/mauritius/video/not_augmented/occ_roi/centre/20230907_195130/m--20230907_195130--f000216.jpg,20230907_195130,mauritius,green,video,False,train,284.24461886347564
data/processed/mauritius/video/not_augmented/occ_roi/centre/20230907_195130/m--20230907_195130--f000218.jpg,20230907_195130,mauritius,green,video,False,train,268.41212921547725
data/processed/mauritius/video/not_augmented/occ_roi/centre/20230911_185250/m--20230911_185250--f001342.jpg,20230911_185250,mauritius,green,video,False,train,465.4946189413265
data/processed/mauritius/video/not_augmented/occ_roi/centre/20230911_185250/m--20230911_185250--f001344.jpg,20230911_185250,mauritius,green,video,False,train,781.2998644706857
data/processed/mauritius/video/not_augmented/occ_roi/centre/20230911_185250/m--20230911_185250--f001346.jpg,20230911_185250,mauritius,green,video,False,train,794.4274752865925
data/processed/mauritius/video/not_augmented/occ_roi/centre/20230911_185250/m--20230911_185250--f000188.jpg,20230911_185250,mauritius,green,video,False,train,555.891958917096
data/processed/mauritius/video/not_augmented/occ_roi/centre/20230911_185250/m--20230911_185250--f000190.jpg,20230911_185250,mauritius,green,video,False,train,584.5560820157306
data/processed/mauritius/video/not_augmented/occ_roi/centre/20230911_185250/m--20230911_185250--f000194.jpg,20230911_185250,mauritius,green,video,False,train,606.4033601717966
data/processed/mauritius/video/not_augmented/occ_roi/centre/20230911_185250/m--20230911_185250--f000196.jpg,20230911_185250,mauritius,green,video,False,train,599.2335777997673
data/processed/mauritius/video/not_augmented/occ_roi/centre/20230911_185250/m--20230911_185250--f000198.jpg,20230911_185250,mauritius,green,video,False,train,636.2283561862245
data/processed/mauritius/video/not_augmented/occ_roi/centre/20230911_185250/m--20230911_185250--f000200.jpg,20230911_185250,mauritius,green,video,False,train,647.9139229716086
data/processed/mauritius/video/not_augmented/occ_roi/centre/20230911_185250/m--20230911_185250--f000202.jpg,20230911_185250,mauritius,green,video,False,train,677.6913464409964
data/processed/mauritius/video/not_augmented/occ_roi/centre/20230911_185250/m--20230911_185250--f000204.jpg,20230911_185250,mauritius,green,video,False,train,697.0717075114347
data/processed/mauritius/video/not_augmented/occ_roi/centre/20230911_185250/m--20230911_185250--f000206.jpg,20230911_185250,mauritius,green,video,False,train,677.2377032745087
data/processed/mauritius/video/not_augmented/occ_roi/centre/20230911_185250/m--20230911_185250--f000208.jpg,20230911_185250,mauritius,green,video,False,train,667.9222935168557
data/processed/mauritius/video/not_augmented/occ_roi/centre/20230911_185250/m--20230911_185250--f000210.jpg,20230911_185250,mauritius,green,video,False,train,630.2684748247235
data/processed/mauritius/video/not_augmented/occ_roi/centre/20230911_185250/m--20230911_185250--f000212.jpg,20230911_185250,mauritius,green,video,False,train,619.4785156234111
data/processed/mauritius/video/not_augmented/occ_roi/centre/20230911_185250/m--20230911_185250--f000214.jpg,20230911_185250,mauritius,green,video,False,train,573.4639066654859
data/processed/mauritius/video/not_augmented/occ_roi/centre/20230911_185250/m--20230911_185250--f000216.jpg,20230911_185250,mauritius,green,video,False,train,547.4554966196125
data/processed/mauritius/video/not_augmented/occ_roi/centre/20230911_185250/m--20230911_185250--f000218.jpg,20230911_185250,mauritius,green,video,False,train,506.6578839789426
data/processed/mauritius/video/not_augmented/occ_roi/centre/20230911_185250/m--20230911_185250--f000220.jpg,20230911_185250,mauritius,green,video,False,train,524.0027104591836
data/processed/mauritius/video/not_augmented/occ_roi/centre/20230911_185250/m--20230911_185250--f000222.jpg,20230911_185250,mauritius,green,video,False,train,607.4045160139466
data/processed/mauritius/video/not_augmented/occ_roi/centre/20230911_185250/m--20230911_185250--f000224.jpg,20230911_185250,mauritius,green,video,False,train,617.8951252333972
data/processed/mauritius/video/not_augmented/occ_roi/centre/20230911_185250/m--20230911_185250--f000226.jpg,20230911_185250,mauritius,green,video,False,train,1076.2048190334149
data/processed/mauritius/video/not_augmented/occ_roi/centre/20230911_185250/m--20230911_185250--f000228.jpg,20230911_185250,mauritius,green,video,False,train,1054.9940609040236
data/processed/mauritius/video/not_augmented/occ_roi/centre/20230911_185250/m--20230911_185250--f000230.jpg,20230911_185250,mauritius,green,video,False,train,927.76967027236
data/processed/mauritius/video/not_augmented/occ_roi/centre/20230911_185250/m--20230911_185250--f000232.jpg,20230911_185250,mauritius,green,video,False,train,1067.9914102037965
data/processed/mauritius/video/not_augmented/occ_roi/centre/20230911_185250/m--20230911_185250--f000234.jpg,20230911_185250,mauritius,green,video,False,train,1155.8248562365957
data/processed/mauritius/video/not_augmented/occ_roi/centre/20230911_185250/m--20230911_185250--f000236.jpg,20230911_185250,mauritius,green,video,False,train,1447.0029469465824
data/processed/mauritius/video/not_augmented/occ_roi/centre/20230911_185250/m--20230911_185250--f000238.jpg,20230911_185250,mauritius,green,video,False,train,1509.6059669481124
data/processed/mauritius/video/not_augmented/occ_roi/centre/20230911_185250/m--20230911_185250--f000240.jpg,20230911_185250,mauritius,green,video,False,train,1678.2987484040236
data/processed/mauritius/video/not_augmented/occ_roi/centre/20230911_185250/m--20230911_185250--f000242.jpg,20230911_185250,mauritius,green,video,False,train,1380.9639378503578
data/processed/mauritius/video/not_augmented/occ_roi/centre/20230911_185250/m--20230911_185250--f000244.jpg,20230911_185250,mauritius,green,video,False,train,1196.323999432314
data/processed/mauritius/video/not_augmented/occ_roi/centre/20230911_210324/m--20230911_210324--f001202.jpg,20230911_210324,mauritius,green,video,False,train,366.87960378471286
data/processed/mauritius/video/not_augmented/occ_roi/centre/20230911_210324/m--20230911_210324--f001204.jpg,20230911_210324,mauritius,green,video,False,train,332.70762908821155
data/processed/mauritius/video/not_augmented/occ_roi/centre/20230911_210324/m--20230911_210324--f001206.jpg,20230911_210324,mauritius,green,video,False,train,439.0427494736226
data/processed/mauritius/video/not_augmented/occ_roi/centre/20230911_210324/m--20230911_210324--f000194.jpg,20230911_210324,mauritius,green,video,False,train,1362.856823939872
data/processed/mauritius/video/not_augmented/occ_roi/centre/20230911_210324/m--20230911_210324--f000196.jpg,20230911_210324,mauritius,green,video,False,train,1124.274693070427
data/processed/mauritius/video/not_augmented/occ_roi/centre/20230911_210324/m--20230911_210324--f000198.jpg,20230911_210324,mauritius,green,video,False,train,1003.4615154175
data/processed/mauritius/video/not_augmented/occ_roi/centre/20230911_210324/m--20230911_210324--f000200.jpg,20230911_210324,mauritius,green,video,False,train,941.2078284184568
data/processed/mauritius/video/not_augmented/occ_roi/centre/20230911_210324/m--20230911_210324--f000202.jpg,20230911_210324,mauritius,green,video,False,train,783.1143374997147
data/processed/mauritius/video/not_augmented/occ_roi/centre/20230911_210324/m--20230911_210324--f000204.jpg,20230911_210324,mauritius,green,video,False,train,845.2298509052822
data/processed/mauritius/video/not_augmented/occ_roi/centre/20230911_210324/m--20230911_210324--f000206.jpg,20230911_210324,mauritius,green,video,False,train,861.0382852165067
data/processed/mauritius/video/not_augmented/occ_roi/centre/20230911_210324/m--20230911_210324--f000208.jpg,20230911_210324,mauritius,green,video,False,train,782.9427212624191
data/processed/mauritius/video/not_augmented/occ_roi/centre/20230911_210324/m--20230911_210324--f000210.jpg,20230911_210324,mauritius,green,video,False,train,969.8538939103838
data/processed/mauritius/video/not_augmented/occ_roi/centre/20230911_210324/m--20230911_210324--f000212.jpg,20230911_210324,mauritius,green,video,False,train,1385.04785155257
data/processed/mauritius/video/not_augmented/occ_roi/centre/20230911_210324/m--20230911_210324--f000214.jpg,20230911_210324,mauritius,green,video,False,train,1332.3062420264723
data/processed/mauritius/video/not_augmented/occ_roi/centre/20230911_210324/m--20230911_210324--f000216.jpg,20230911_210324,mauritius,green,video,False,train,1479.9499162275165
data/processed/mauritius/video/not_augmented/occ_roi/centre/20230911_210324/m--20230911_210324--f000218.jpg,20230911_210324,mauritius,green,video,False,train,1473.741091348489
data/processed/mauritius/video/not_augmented/occ_roi/centre/20230911_210324/m--20230911_210324--f000220.jpg,20230911_210324,mauritius,green,video,False,train,1432.8526984913456
data/processed/mauritius/video/not_augmented/occ_roi/centre/20230911_210324/m--20230911_210324--f000222.jpg,20230911_210324,mauritius,green,video,False,train,1028.1633450191548
data/processed/mauritius/video/not_augmented/occ_roi/centre/20230911_210324/m--20230911_210324--f000224.jpg,20230911_210324,mauritius,green,video,False,train,723.3039897801925
data/processed/mauritius/video/not_augmented/occ_roi/centre/20230911_210324/m--20230911_210324--f000226.jpg,20230911_210324,mauritius,green,video,False,train,391.35746173310514
data/processed/mauritius/video/not_augmented/occ_roi/centre/20230911_210324/m--20230911_210324--f000228.jpg,20230911_210324,mauritius,green,video,False,train,209.71474366821585
data/processed/mauritius/video/not_augmented/occ_roi/centre/20230911_210324/m--20230911_210324--f000230.jpg,20230911_210324,mauritius,green,video,False,train,140.07906155941734
data/processed/mauritius/video/not_augmented/occ_roi/centre/20230911_210324/m--20230911_210324--f000232.jpg,20230911_210324,mauritius,green,video,False,train,92.76682068913344
data/processed/mauritius/video/not_augmented/occ_roi/centre/20230911_210324/m--20230911_210324--f000988.jpg,20230911_210324,mauritius,green,video,False,train,446.4946985828634
data/processed/mauritius/video/not_augmented/occ_roi/centre/20230911_210324/m--20230911_210324--f000990.jpg,20230911_210324,mauritius,green,video,False,train,486.1861049043591
data/processed/mauritius/video/not_augmented/occ_roi/centre/20230911_210324/m--20230911_210324--f000992.jpg,20230911_210324,mauritius,green,video,False,train,463.3283242730489
data/processed/mauritius/video/not_augmented/occ_roi/centre/20230923_212849/m--20230923_212849--f000120.jpg,20230923_212849,mauritius,green,video,False,train,526.2937260444638
data/processed/mauritius/video/not_augmented/occ_roi/centre/20230923_212849/m--20230923_212849--f000122.jpg,20230923_212849,mauritius,green,video,False,train,506.313058029359
data/processed/mauritius/video/not_augmented/occ_roi/centre/20230923_212849/m--20230923_212849--f000124.jpg,20230923_212849,mauritius,green,video,False,train,476.6605348849188
data/processed/mauritius/video/not_augmented/occ_roi/centre/20230923_212849/m--20230923_212849--f000126.jpg,20230923_212849,mauritius,green,video,False,train,454.5922951112435
data/processed/mauritius/video/not_augmented/occ_roi/centre/20230923_212849/m--20230923_212849--f000128.jpg,20230923_212849,mauritius,green,video,False,train,467.084024233105
data/processed/mauritius/video/not_augmented/occ_roi/centre/20230923_212849/m--20230923_212849--f000130.jpg,20230923_212849,mauritius,green,video,False,train,475.5863759502774
data/processed/mauritius/video/not_augmented/occ_roi/centre/20230923_212849/m--20230923_212849--f000132.jpg,20230923_212849,mauritius,green,video,False,train,521.6083784298022
data/processed/mauritius/video/not_augmented/occ_roi/centre/20230923_212849/m--20230923_212849--f001338.jpg,20230923_212849,mauritius,green,video,False,train,452.1829161336154
data/processed/mauritius/video/not_augmented/occ_roi/centre/20230923_212849/m--20230923_212849--f000134.jpg,20230923_212849,mauritius,green,video,False,train,605.603276441416
data/processed/mauritius/video/not_augmented/occ_roi/centre/20230923_212849/m--20230923_212849--f001344.jpg,20230923_212849,mauritius,green,video,False,train,586.6522041739449
data/processed/mauritius/video/not_augmented/occ_roi/centre/20230923_212849/m--20230923_212849--f001352.jpg,20230923_212849,mauritius,green,video,False,train,407.1560108275376
data/processed/mauritius/video/not_augmented/occ_roi/centre/20230923_212849/m--20230923_212849--f000136.jpg,20230923_212849,mauritius,green,video,False,train,726.8413982764724
data/processed/mauritius/video/not_augmented/occ_roi/centre/20230923_212849/m--20230923_212849--f001360.jpg,20230923_212849,mauritius,green,video,False,train,486.982202557314
data/processed/mauritius/video/not_augmented/occ_roi/centre/20230923_212849/m--20230923_212849--f001362.jpg,20230923_212849,mauritius,green,video,False,train,479.28230627195785
data/processed/mauritius/video/not_augmented/occ_roi/centre/20230923_212849/m--20230923_212849--f001364.jpg,20230923_212849,mauritius,green,video,False,train,493.5352558511736
data/processed/mauritius/video/not_augmented/occ_roi/centre/20230923_212849/m--20230923_212849--f001366.jpg,20230923_212849,mauritius,green,video,False,train,489.44154572675546
data/processed/mauritius/video/not_augmented/occ_roi/centre/20230923_212849/m--20230923_212849--f001368.jpg,20230923_212849,mauritius,green,video,False,train,450.7043406726022
data/processed/mauritius/video/not_augmented/occ_roi/centre/20230923_212849/m--20230923_212849--f001370.jpg,20230923_212849,mauritius,green,video,False,train,372.8662109275701
data/processed/mauritius/video/not_augmented/occ_roi/centre/20230923_212849/m--20230923_212849--f001372.jpg,20230923_212849,mauritius,green,video,False,train,382.9995015437084
data/processed/mauritius/video/not_augmented/occ_roi/centre/20230923_212849/m--20230923_212849--f001374.jpg,20230923_212849,mauritius,green,video,False,train,441.6754224555584
data/processed/mauritius/video/not_augmented/occ_roi/centre/20230923_212849/m--20230923_212849--f001376.jpg,20230923_212849,mauritius,green,video,False,train,351.3165456695589
data/processed/mauritius/video/not_augmented/occ_roi/centre/20230923_212849/m--20230923_212849--f000138.jpg,20230923_212849,mauritius,green,video,False,train,1000.424884396958
data/processed/mauritius/video/not_augmented/occ_roi/centre/20230923_212849/m--20230923_212849--f000140.jpg,20230923_212849,mauritius,green,video,False,train,1287.5073541035906
data/processed/mauritius/video/not_augmented/occ_roi/centre/20230923_212849/m--20230923_212849--f000142.jpg,20230923_212849,mauritius,green,video,False,train,1355.5521163745805
data/processed/mauritius/video/not_augmented/occ_roi/centre/20230923_212849/m--20230923_212849--f000156.jpg,20230923_212849,mauritius,green,video,False,train,287.4005699900477
data/processed/mauritius/video/not_augmented/occ_roi/centre/20230923_212849/m--20230923_212849--f001572.jpg,20230923_212849,mauritius,green,video,False,train,254.8978993270061
