species,model,bg,edge,roc_auc_mean,roc_auc_std,top1_mean,top1_std,n
mauritius,AdaFace,green,224,0.7734429065743944,0.09756979240724477,0.7176470588235294,0.10522672835293127,5
mauritius,AdaFace,green,320,0.6904411764705882,0.06201462913186079,0.6970588235294117,0.039733106135606724,5
mauritius,AdaFace,original,224,0.7479238754325259,0.06655413583580734,0.7264705882352941,0.0782319769310023,5
mauritius,AdaFace,original,320,0.6955017301038062,0.12799151095238911,0.7205882352941176,0.2200974933396436,5
mauritius,AdaFace,random,224,0.6400086505190311,0.10771357389655435,0.6823529411764706,0.12887589588356854,5
mauritius,AdaFace,random,320,0.702984429065744,0.09174860849502811,0.6882352941176471,0.12277430273377532,5
mauritius,ArcFace,green,224,0.6721453287197232,0.12459300247834021,0.6558823529411765,0.10481488047767921,5
mauritius,ArcFace,green,320,0.5073529411764707,0.09209997521964569,0.5852941176470589,0.17130932786380546,5
mauritius,ArcFace,original,224,0.7714100346020761,0.10525577018075506,0.8,0.12676095258535267,5
mauritius,ArcFace,original,320,0.6975346020761246,0.11180802122303524,0.7029411764705882,0.1262480943019691,5
mauritius,ArcFace,random,224,0.6609861591695502,0.055489177274622915,0.7058823529411764,0.07052693416636355,5
mauritius,ArcFace,random,320,0.6815311418685122,0.02433587961626536,0.6794117647058824,0.051365438813449925,5
rousettus,AdaFace,green,224,0.6708255443394043,0.1045812065933152,0.5763713080168776,0.10635087849046862,5
rousettus,AdaFace,green,320,0.7291388488312058,0.0684616393992322,0.6210970464135022,0.11568416843365066,5
rousettus,AdaFace,original,224,0.6410126367388513,0.2130407471324573,0.6403908794788273,0.240189087554676,5
rousettus,AdaFace,original,320,0.5565194325669238,0.1250938191162268,0.5485342019543974,0.18100318042111982,5
rousettus,AdaFace,random,224,0.5870789079990238,0.1301780474894628,0.5798045602605864,0.12688958423962513,5
rousettus,AdaFace,random,320,0.4792029623656485,0.0699610226696229,0.4677524429967427,0.08769416896658679,5
rousettus,ArcFace,green,224,0.7048977193825776,0.049912630538378425,0.5670886075949367,0.08003542095371816,5
rousettus,ArcFace,green,320,0.7043493742099735,0.10680780886371782,0.6658227848101266,0.09284618137160629,5
rousettus,ArcFace,original,224,0.6407834565883987,0.23422352963766474,0.61628664495114,0.25269400151293586,5
rousettus,ArcFace,original,320,0.7056456832433236,0.08891968482758171,0.7355048859934854,0.09416441780332725,5
rousettus,ArcFace,random,224,0.5143375526530785,0.08169149079547598,0.5205211726384366,0.09170986488794237,5
rousettus,ArcFace,random,320,0.47963798024382226,0.1254106102932428,0.46710097719869703,0.13089437835429119,5
